recipientAddress,count,transfer ids,transfer amount,collection,draw,date
0x760c9625d972b69da4a27c396a49f75dfd88bb03,3,2354 2355 2356,3-com,Hi-I,Free,3 January 2026
0x5a3264b15bd23009cfab1ace9cb49dbc063d8c64,6,2358 2359 2360 2361 2362 2363,6-com,Hi-I,Free,3 January 2026
0x6fb2a6a91cc29e41393c7732e6f3ea096efecd2f,6,2364 2365 2366 2367 2368 2369,6-com,Hi-I,Free,3 January 2026
0x690a6b44e9033bfd6b05269321435f5657597fb1,9,2370 2371 2372 2373 2375 2376 2377 2378 2379,9-com,Hi-I,Free,3 January 2026
0xad7eb93ad31b1dca81ebd836ddad4d49821d9f5a,6,2380 2381 2382 2383 2384 2385,6-com,Hi-I,Free,3 January 2026
0x042109812f1c23bfd61aabc3fe0247b378d48b3f,3,2386 2387 2388,3-com,Hi-I,Free,3 January 2026
0x08f3445383f85ea7310bf81359d2b6cd0148b3bd,6,2389 2390 2391 2392 2393 2394,6-com,Hi-I,Free,3 January 2026
0xc4b57ce643bcfaeff739b71f27b45059df992398,3,2395 2396 2397,3-com,Hi-I,Free,3 January 2026
0x3e3dd8bc0878861084b6b1023b6a0868e3dee528,9,2398 2399 2400 2401 2402 2403 2404 2405 2406,9-com,Hi-I,Free,3 January 2026
0xf7e886215cd82e9cacf1b1d2cd7ca5cc01d6488e,3,2407 2408 2409,3-com,Hi-I,Free,3 January 2026
0xb1fa632dee3f8ca5631e0f41dac5aff032be70a0,3,2410 2411 2412,3-com,Hi-I,Free,3 January 2026
0x5ef4b90c808ea34d4407df21a3dff142c5a8f6b6,6,2413 2414 2415 2416 2417 2418,6-com,Hi-I,Free,3 January 2026
0xe8849053cfaa8e0a043e8ed178c324744ef60db7,3,2419 2420 2421,3-com,Hi-I,Free,3 January 2026
0xef93556855635cef146a7f76c3951b1aa814fa1b,9,2422 2423 2424 2425 2426 2427 2428 2429 2430,9-com,Hi-I,Free,3 January 2026
0x028b19f39268939b737f2b6cdadcd7df1289d3bc,9,2431 2432 2433 2434 2435 2436 2437 2438 2439,9-com,Hi-I,Free,3 January 2026
0x53bfde407f26c9517a557a0cb52f796a2838d51f,6,2440 2441 2442 2443 2444 2445,6-com,Hi-I,Free,3 January 2026
0x2baa27a84ef1f75c249d116e7d214b7a42dce38b,6,2446 2447 2448 2449 2450 2451,6-com,Hi-I,Free,3 January 2026
0xfdae8c5c30297e302b3090ddf6010cb05c4b5b65,3,2452 2453 2454,3-com,Hi-I,Free,3 January 2026
0xba9a3c0a22baebe8c4926227bde32d6edc0d5d28,3,2455 2456 2457,3-com,Hi-I,Free,3 January 2026
0xc48a8ac51df7b71e500a5580b89e47ab26ca1472,9,2458 2459 2460 2461 2463 2464 2465 2466 2467,9-com,Hi-I,Free,3 January 2026
0xe2102c36f2a59e1510134c433e9142a5659bf520,3,2468 2469 2470,3-com,Hi-I,Free,3 January 2026
0x042810a4f61a86f956898105e8e08819bfbe7695,9,2472 2473 2474 2476 2477 2478 2479 2480 2481,9-com,Hi-I,Free,3 January 2026
0x903c5a6818b7a961bff03792d7dcee1a03ef0d0b,9,2482 2483 2484 2485 2486 2488 2489 2490 2491,9-com,Hi-I,Free,3 January 2026
0x38b0e2d88c277b6e9844a5d6971454c922926d3a,6,2492 2493 2494 2495 2496 2497,6-com,Hi-I,Free,3 January 2026
0xc87f5688360a3e9cff037ae18d115500516e5bcd,9,2498 2499 2500 2501 2502 2503 2504 2505 2506,9-com,Hi-I,Free,3 January 2026
0x7c3f01fcd1efb8bcbc2ae395e19dc9bde3b1b754,3,2507 2508 2509,3-com,Hi-I,Free,3 January 2026
0x97108d53a9b28b6eaea0d4b79a7a4da6912064fa,3,2510 2511 2512,3-com,Hi-I,Free,3 January 2026
0x4c081ffe5bbec171aee06c1acb4d3d53d94cd800,9,2513 2514 2515 2516 2517 2518 2519 2520 2521,9-com,Hi-I,Free,3 January 2026
0x29a4988cb2d7184b2fb0a05c7713345517571359,6,2522 2523 2524 2525 2526 2527,6-com,Hi-I,Free,3 January 2026
0x1ce5bb60b73fe5d514f3d0f5b7704e5e447dde08,9,2528 2529 2530 2531 2532 2533 2534 2535 2536,9-com,Hi-I,Free,3 January 2026
0x21cea54ba0e134f1e61a77aae577634d5cfdff67,9,2537 2538 2539 2540 2541 2542 2543 2544 2545,9-com,Hi-I,Free,3 January 2026
0x2a315b89571babecbc69abcb7f332b527ecb6d12,6,2546 2547 2548 2549 2550 2551,6-com,Hi-I,Free,3 January 2026
0xe84c132f8548fe3da52d69249be14c09c5f196bc,3,2552 2553 2554,3-com,Hi-I,Free,3 January 2026
0xe527bee304c37c5a3c798d85f2a53f55c579c963,3,2555 2556 2557,3-com,Hi-I,Free,3 January 2026
0xf76982fe0c2ac32c9126002b8988f5946421ce4c,6,2558 2559 2560 2561 2562 2563,6-com,Hi-I,Free,3 January 2026
0xb14b7b40c7ec6ee7158977a4edafbd88c685bb96,9,2564 2565 2566 2567 2568 2569 2570 2571 2572,9-com,Hi-I,Free,3 January 2026
0x6a53c3ab9b954b196f0de28a96c2d374d27708af,3,2573 2574 2575,3-com,Hi-I,Free,3 January 2026
0xc42be50c9dd18c5a88f9d305c4c23842c28eea82,9,2576 2577 2578 2579 2580 2581 2582 2583 2584,9-com,Hi-I,Free,3 January 2026
0x76b799f82f90ef297cd7cab603ff404e5b46f68a,3,2585 2586 2587,3-com,Hi-I,Free,3 January 2026
0xc7cb1dd7b1aaade4a75b69e472c3d8314af4ea4c,6,2588 2589 2590 2591 2592 2593,6-com,Hi-I,Free,3 January 2026
0xde5ae63a348c4d63343c8e20fb6286909418c8a4,6,2594 2595 2596 2597 2598 2599,6-com,Hi-I,Free,3 January 2026
0xa73a96216ee7222131053fe3a9b4282a51f0e518,3,2600 2601 2602,3-com,Hi-I,Free,3 January 2026
0xd77aca0fdac5d6f34c7a8c1e9226572c80e171f1,6,2603 2604 2605 2606 2607 2608,6-com,Hi-I,Free,3 January 2026
0x479cdc76efbc1d51f7b0a87774bed3ff1b56a42f,6,2609 2610 2611 2612 2613 2614,6-com,Hi-I,Free,3 January 2026
0xb5e9c309e7b6857ba5ff4288d084e5c7cab2bbac,3,2615 2616 2617,3-com,Hi-I,Free,3 January 2026
0xac73aca1205aff5dfc5e31223c33a970854057ae,6,2618 2619 2620 2621 2622 2623,6-com,Hi-I,Free,3 January 2026
0xef0b56692f78a44cf4034b07f80204757c31bcc9,3,2624 2625 2626,3-com,Hi-I,Free,3 January 2026
0xe0719af1123a4f6beff552d5fb963cb278ca1ae2,9,2627 2628 2629 2630 2631 2632 2633 2634 2635,9-com,Hi-I,Free,3 January 2026
0x7048ef4475060235fa8aa993798f790543af850a,6,2636 2637 2638 2639 2640 2642,6-com,Hi-I,Free,3 January 2026
0x2a27fa67ef2618bd1a76824fd2898d987cf35bcb,9,2643 2644 2645 2646 2647 2648 2649 2650 2651,9-com,Hi-I,Free,3 January 2026
0x8cc4b71b3a0779a750abee45724d3ef97d9cd236,9,2652 2653 2654 2655 2656 2657 2658 2659 2660,9-com,Hi-I,Free,3 January 2026
0xc7bfd896cc6a8bf1d09486dd08f590691b20c2ff,9,2661 2662 2663 2664 2665 2666 2667 2668 2669,9-com,Hi-I,Free,3 January 2026
0xb69f393936891243fe5b459e32f84bf7b79f55d8,6,2670 2671 2672 2673 2674 2675,6-com,Hi-I,Free,3 January 2026
0x32815ae4dc3ed5b36109badea8fd3e6cbed03d91,6,2676 2677 2678 2679 2680 2681,6-com,Hi-I,Free,3 January 2026
0x1f708885bdf5d6e37b175b6b388ab6bba193bc0c,6,2682 2683 2684 2685 2686 2688,6-com,Hi-I,Free,3 January 2026
0x5b2241f921942e44accbaa988872e2478e921373,9,2689 2690 2691 2692 2693 2694 2695 2696 2697,9-com,Hi-I,Free,3 January 2026
0xc52930c66d9cf8a3a3cf26922f6cbd15953eaf33,3,2698 2699 2700,3-com,Hi-I,Free,3 January 2026
0x1919db36ca2fa2e15f9000fd9cdc2edcf863e685,6,2701 2702 2703 2704 2705 2706,6-com,Hi-I,Free,3 January 2026
0x3adb91a604ce6d922f538dca605f49b77a0f4c81,3,2707 2708 2709,3-com,Hi-I,Free,3 January 2026
0x6d7b5a32fc63c5011c3dd217e151c9c118908dfd,9,2711 2712 2713 2714 2715 2716 2717 2718 2719,9-com,Hi-I,Free,3 January 2026
0xfc144d51c1ba18a2958ec9a7245d024717421150,9,2720 2721 2722 2723 2724 2725 2726 2727 2728,9-com,Hi-I,Free,3 January 2026
0x029ae3e91076c0a3232fb03920084b11f479fbd7,9,2729 2730 2731 2732 2733 2734 2735 2736 2737,9-com,Hi-I,Free,3 January 2026
0x3d51c45c7797da39d5ece15ab8b8fb4e07a8eb93,3,2738 2739 2740,3-com,Hi-I,Free,3 January 2026
0xede70a2ab730598fdf76dea1a9bb1c90a45bba03,6,2741 2742 2743 2744 2745 2746,6-com,Hi-I,Free,3 January 2026
0x57f495e7be0a4924d0d57e8ade16bbb2eb7bc398,9,2747 2748 2749 2750 2751 2752 2753 2754 2755,9-com,Hi-I,Free,3 January 2026
0x96be3d4b507b11831bb5d3b8ad5e612262accab6,3,2756 2757 2758,3-com,Hi-I,Free,3 January 2026
0xe3f87c2cee70989eb42b604b5ec9e35c0578e51c,6,2759 2760 2761 2762 2763 2764,6-com,Hi-I,Free,3 January 2026
0xbf185c104196bebb0f154b45dc4a2b2d4e7f8753,3,2765 2766 2767,3-com,Hi-I,Free,3 January 2026
0x89c877ac3099e45f67e5571c5bd761a5e18387c5,3,2768 2769 2770,3-com,Hi-I,Free,3 January 2026
0xe2d560596ccfe3c7d51d9505e5433795bac4b5b4,9,2771 2772 2773 2774 2775 2776 2777 2778 2779,9-com,Hi-I,Free,3 January 2026
0x55bbf91c930cd4d0dc4325c370cfc4cb5381b6b2,9,2780 2781 2782 2783 2784 2785 2786 2787 2788,9-com,Hi-I,Free,3 January 2026
0x9c02551561111e59795f793cc07f0a8a2090efb2,9,2789 2790 2791 2792 2793 2794 2795 2796 2797,9-com,Hi-I,Free,3 January 2026
0xf255d3453f8ed48cc7a4c6c8cc6343e6fd0abd08,3,2798 2799 2800,3-com,Hi-I,Free,3 January 2026
0x3cc11b17d393cbd4d9b9f8216256e58ea49e92aa,6,2801 2802 2803 2804 2805 2806,6-com,Hi-I,Free,3 January 2026
0xdacb8baa4ee9f3b8c5f093b0cc63db2700751ac0,9,2807 2808 2809 2810 2811 2812 2813 2814 2815,9-com,Hi-I,Free,3 January 2026
0xf6e6b30016b35383f81e228dfb27bf93239566c6,6,2816 2817 2818 2819 2820 2821,6-com,Hi-I,Free,3 January 2026
0xae1ee3529f1c49c40a36da54424b7c10d3540508,9,2822 2823 2825 2826 2827 2828 2829 2830 2831,9-com,Hi-I,Free,3 January 2026
0x8479c868dae591301faded2af43f1b8e54cd1f6b,6,2832 2833 2834 2835 2836 2837,6-com,Hi-I,Free,3 January 2026
0x084263a11a1c2998ad4d1e5a79ee57d28ff714c2,3,2838 2839 2840,3-com,Hi-I,Free,3 January 2026
0x877dd1874e0c29603c13d88bee8c5f4fba1ea59e,3,2841 2842 2843,3-com,Hi-I,Free,3 January 2026
0x89c6cbf0ad3c3b7dd24dbec7fd2f96ef08788d07,3,2844 2845 2846,3-com,Hi-I,Free,3 January 2026
0x41580e05cb8bd9dbae27d9da05da8a1036cabfa0,6,2847 2848 2849 2850 2851 2852,6-com,Hi-I,Free,3 January 2026
0x602c8442e51fbc283c81e2d840b6ab9a7e7d81d5,3,2853 2854 2855,3-com,Hi-I,Free,3 January 2026
0x7891c1a30b7aa9a844d263271ce91cd21553bdf3,9,2856 2857 2858 2860 2861 2862 2863 2864 2928,9-com,Hi-I,Free,3 January 2026
0x2563f5fa3bdc65838ae8fd3353b62d66f695ca6d,6,2929 2930 2931 2932 2933 2935,6-com,Hi-I,Free,3 January 2026
0xbe841b0ce451aea82f22751a736e1c86f1aa00a3,3,2936 2937 2938,3-com,Hi-I,Free,3 January 2026
0xb2d0b117d36cd9a74bafdb3d01ff754b30a66e23,9,2939 2940 2941 2942 2943 2944 2945 2946 2947,9-com,Hi-I,Free,3 January 2026
0xbd1ffb21b2d346bf9df273a07b6764ff6acf9e19,9,2948 2949 2950 2951 2952 2953 2954 2955 2956,9-com,Hi-I,Free,3 January 2026
0xb4761fc2001e96b06568d25fc7d74678a485f9b0,6,2957 2958 2959 2960 2961 2962,6-com,Hi-I,Free,3 January 2026
0x4ff57f4a622db3dc7017aed300e2bc9e7962f4a1,3,2963 2964 2965,3-com,Hi-I,Free,3 January 2026
0xc59d8acf2e537bec5f8c026165d8c3fa65f7f168,9,2966 2967 2968 2969 2970 2971 2972 2973 2974,9-com,Hi-I,Free,3 January 2026
0x514826fb77bb3cc5b3f1fa9a7031791ea4539a78,6,2975 2976 2977 2978 2979 2980,6-com,Hi-I,Free,3 January 2026
0x66666f58de1bcd762a5e5c5aff9cc3c906d66666,3,2981 2982 2983,3-com,Hi-I,Free,3 January 2026
0x577ebc5de943e35cdf9ecb5bbe1f7d7cb6c7c647,9,2984 2985 2986 2987 2988 2989 2990 2991 2992,9-com,Hi-I,Free,3 January 2026
0x65823656ab50ea4e45ae2f816f176c1a257bf947,6,2994 2995 2996 2997 2998 2999,6-com,Hi-I,Free,3 January 2026
0x43a441ed74b20171f2789c29538ab5b1b1d3f10b,3,3000 3001 3002,3-com,Hi-I,Free,3 January 2026
0xe1af6ff98a04954ddd0ceb35ce88b85a37efe84d,9,3003 3004 3005 3006 3007 3008 3009 3010 3011,9-com,Hi-I,Free,3 January 2026
0xba133ba5b4247a8298151bc95218ce45f53ffb3c,9,3012 3013 3014 3015 3016 3017 3018 3019 3020,9-com,Hi-I,Free,3 January 2026
0x136d715b12c3d866943e46a497005d48089ec442,3,3021 3022 3023,3-com,Hi-I,Free,3 January 2026
0xb591aa34075a9c8592a356198886eab6c76b5106,6,3025 3026 3028 3029 3030 3031,6-com,Hi-I,Free,3 January 2026
0xe16c5e2dc4d0d46715ae1c72449f5035a8be0902,1,1912,1-com,Hi-I,TX,3 January 2026
0xe16c5e2dc4d0d46715ae1c72449f5035a8be0902,1,1913,1-com,Hi-I,TX,3 January 2026
0x3e5a80d736bb6123ff6bb974ff53c9e31952c08f,1,1914,1-com,Hi-I,TX,3 January 2026
0x3e5a80d736bb6123ff6bb974ff53c9e31952c08f,1,1915,1-com,Hi-I,TX,3 January 2026
0xbe49792b4b712ee38ff1d20620534b97768eba5a,1,1916,1-com,Hi-I,TX,3 January 2026
0xbe49792b4b712ee38ff1d20620534b97768eba5a,1,1917,1-com,Hi-I,TX,3 January 2026
0xbe49792b4b712ee38ff1d20620534b97768eba5a,1,1918,1-com,Hi-I,TX,3 January 2026
0xbe49792b4b712ee38ff1d20620534b97768eba5a,1,1919,1-com,Hi-I,TX,3 January 2026
0x3e5a80d736bb6123ff6bb974ff53c9e31952c08f,1,1920,1-com,Hi-I,TX,3 January 2026
0x3e5a80d736bb6123ff6bb974ff53c9e31952c08f,1,1921,1-com,Hi-I,TX,3 January 2026
0x626b5752e06242932da120bfcabc70f20f6f1f8a,1,1922,1-com,Hi-I,TX,3 January 2026
0x626b5752e06242932da120bfcabc70f20f6f1f8a,1,1923,1-com,Hi-I,TX,3 January 2026
0x0533fb5f73bd514cb38d765d8aba701cb8aab416,1,1924,1-com,Hi-I,TX,3 January 2026
0x0533fb5f73bd514cb38d765d8aba701cb8aab416,1,1925,1-com,Hi-I,TX,3 January 2026
0xe16c5e2dc4d0d46715ae1c72449f5035a8be0902,1,1926,1-com,Hi-I,TX,3 January 2026
0xe16c5e2dc4d0d46715ae1c72449f5035a8be0902,1,1927,1-com,Hi-I,TX,3 January 2026
0x7b9c4526bfa63f29d63c48ff5c18736d4ca89534,1,1928,1-com,Hi-I,TX,3 January 2026
0x7b9c4526bfa63f29d63c48ff5c18736d4ca89534,1,1929,1-com,Hi-I,TX,3 January 2026
0xe16c5e2dc4d0d46715ae1c72449f5035a8be0902,1,1930,1-com,Hi-I,TX,3 January 2026
0xe16c5e2dc4d0d46715ae1c72449f5035a8be0902,1,1931,1-com,Hi-I,TX,3 January 2026
0x7b9c4526bfa63f29d63c48ff5c18736d4ca89534,3,1932 1933 1934,3-com,Hi-I,TX,3 January 2026
0x3e5a80d736bb6123ff6bb974ff53c9e31952c08f,3,1935 1936 1937,3-com,Hi-I,TX,3 January 2026
0x7b9c4526bfa63f29d63c48ff5c18736d4ca89534,1,1938,1-com,Hi-I,TX,3 January 2026
0x7b9c4526bfa63f29d63c48ff5c18736d4ca89534,1,1939,1-com,Hi-I,TX,3 January 2026
0x2467f6334c1e3abd0495d92eef159f43c4756a8f,1,1940,1-com,Hi-I,TX,3 January 2026
0x2467f6334c1e3abd0495d92eef159f43c4756a8f,1,1941,1-com,Hi-I,TX,3 January 2026
0x3e5a80d736bb6123ff6bb974ff53c9e31952c08f,1,1942,1-com,Hi-I,TX,3 January 2026
0x3e5a80d736bb6123ff6bb974ff53c9e31952c08f,1,1943,1-com,Hi-I,TX,3 January 2026
0x0533fb5f73bd514cb38d765d8aba701cb8aab416,1,1944,1-com,Hi-I,TX,3 January 2026
0x0533fb5f73bd514cb38d765d8aba701cb8aab416,1,1945,1-com,Hi-I,TX,3 January 2026
0xa93ef0cdbce84c5155cf72655caa4e46edac3c44,1,1946,1-com,Hi-I,TX,3 January 2026
0xa93ef0cdbce84c5155cf72655caa4e46edac3c44,1,1947,1-com,Hi-I,TX,3 January 2026
0xbe49792b4b712ee38ff1d20620534b97768eba5a,1,1948,1-com,Hi-I,TX,3 January 2026
0xbe49792b4b712ee38ff1d20620534b97768eba5a,1,1949,1-com,Hi-I,TX,3 January 2026
0x7b9c4526bfa63f29d63c48ff5c18736d4ca89534,1,1950,1-com,Hi-I,TX,3 January 2026
0x7b9c4526bfa63f29d63c48ff5c18736d4ca89534,1,1951,1-com,Hi-I,TX,3 January 2026
0x3e5a80d736bb6123ff6bb974ff53c9e31952c08f,1,1952,1-com,Hi-I,TX,3 January 2026
0x3e5a80d736bb6123ff6bb974ff53c9e31952c08f,1,1953,1-com,Hi-I,TX,3 January 2026
0x7b9c4526bfa63f29d63c48ff5c18736d4ca89534,3,1954 1955 1956,3-com,Hi-I,TX,3 January 2026
0x3e5a80d736bb6123ff6bb974ff53c9e31952c08f,3,1957 1958 1959,3-com,Hi-I,TX,3 January 2026
0x626b5752e06242932da120bfcabc70f20f6f1f8a,1,1960,1-com,Hi-I,TX,3 January 2026
0x626b5752e06242932da120bfcabc70f20f6f1f8a,1,1961,1-com,Hi-I,TX,3 January 2026
0x3e5a80d736bb6123ff6bb974ff53c9e31952c08f,1,1962,1-com,Hi-I,TX,3 January 2026
0x3e5a80d736bb6123ff6bb974ff53c9e31952c08f,1,1963,1-com,Hi-I,TX,3 January 2026
0x02dc0c92dcc0356a683ffb2003a78b4d6b427ac7,6,1964 1965 1966 1967 1968 1969,6-com,Hi-I,TX,3 January 2026
0x3e5a80d736bb6123ff6bb974ff53c9e31952c08f,6,1970 1971 1972 1973 1974 1975,6-com,Hi-I,TX,3 January 2026
0xe16c5e2dc4d0d46715ae1c72449f5035a8be0902,3,1976 1977 1978,3-com,Hi-I,TX,3 January 2026
0x7b9c4526bfa63f29d63c48ff5c18736d4ca89534,3,1995 1996 1997,3-com,Hi-I,TX,3 January 2026
0xa93ef0cdbce84c5155cf72655caa4e46edac3c44,1,1998,1-com,Hi-I,TX,3 January 2026
0xa93ef0cdbce84c5155cf72655caa4e46edac3c44,1,1999,1-com,Hi-I,TX,3 January 2026
0xe16c5e2dc4d0d46715ae1c72449f5035a8be0902,1,2000,1-com,Hi-I,TX,3 January 2026
0xe16c5e2dc4d0d46715ae1c72449f5035a8be0902,1,2001,1-com,Hi-I,TX,3 January 2026
0x7b9c4526bfa63f29d63c48ff5c18736d4ca89534,1,2002,1-com,Hi-I,TX,3 January 2026
0x7b9c4526bfa63f29d63c48ff5c18736d4ca89534,1,2003,1-com,Hi-I,TX,3 January 2026
0xe16c5e2dc4d0d46715ae1c72449f5035a8be0902,1,2004,1-com,Hi-I,TX,3 January 2026
0xe16c5e2dc4d0d46715ae1c72449f5035a8be0902,1,2005,1-com,Hi-I,TX,3 January 2026
0xa93ef0cdbce84c5155cf72655caa4e46edac3c44,1,2006,1-com,Hi-I,TX,3 January 2026
0xa93ef0cdbce84c5155cf72655caa4e46edac3c44,1,2007,1-com,Hi-I,TX,3 January 2026
0x0533fb5f73bd514cb38d765d8aba701cb8aab416,1,2008,1-com,Hi-I,TX,3 January 2026
0x0533fb5f73bd514cb38d765d8aba701cb8aab416,1,2009,1-com,Hi-I,TX,3 January 2026
0xbe49792b4b712ee38ff1d20620534b97768eba5a,1,2010,1-com,Hi-I,TX,3 January 2026
0xbe49792b4b712ee38ff1d20620534b97768eba5a,1,2011,1-com,Hi-I,TX,3 January 2026
0xa93ef0cdbce84c5155cf72655caa4e46edac3c44,9,2012 2013 2014 2015 2016 2017 2018 2019 2020,9-com,Hi-I,TX,3 January 2026
0x0533fb5f73bd514cb38d765d8aba701cb8aab416,9,2021 2022 2023 2024 2025 2026 2027 2029 2030,9-com,Hi-I,TX,3 January 2026
0x02dc0c92dcc0356a683ffb2003a78b4d6b427ac7,6,2031 2032 2033 2034 2035 2036,6-com,Hi-I,TX,3 January 2026
0x3e5a80d736bb6123ff6bb974ff53c9e31952c08f,6,2037 2038 2040 2041 2042 2043,6-com,Hi-I,TX,3 January 2026
0xe16c5e2dc4d0d46715ae1c72449f5035a8be0902,1,2044,1-com,Hi-I,TX,3 January 2026
0xe16c5e2dc4d0d46715ae1c72449f5035a8be0902,1,2045,1-com,Hi-I,TX,3 January 2026
0x7b9c4526bfa63f29d63c48ff5c18736d4ca89534,1,2046,1-com,Hi-I,TX,3 January 2026
0x7b9c4526bfa63f29d63c48ff5c18736d4ca89534,1,2047,1-com,Hi-I,TX,3 January 2026
0xbe49792b4b712ee38ff1d20620534b97768eba5a,1,2048,1-com,Hi-I,TX,3 January 2026
0xbe49792b4b712ee38ff1d20620534b97768eba5a,1,2049,1-com,Hi-I,TX,3 January 2026
0x3e5a80d736bb6123ff6bb974ff53c9e31952c08f,1,2050,1-com,Hi-I,TX,3 January 2026
0x3e5a80d736bb6123ff6bb974ff53c9e31952c08f,1,2051,1-com,Hi-I,TX,3 January 2026
0xe16c5e2dc4d0d46715ae1c72449f5035a8be0902,1,2052,1-com,Hi-I,TX,3 January 2026
0xe16c5e2dc4d0d46715ae1c72449f5035a8be0902,1,2053,1-com,Hi-I,TX,3 January 2026
0xbe49792b4b712ee38ff1d20620534b97768eba5a,1,2054,1-com,Hi-I,TX,3 January 2026
0xbe49792b4b712ee38ff1d20620534b97768eba5a,1,2055,1-com,Hi-I,TX,3 January 2026
0xa93ef0cdbce84c5155cf72655caa4e46edac3c44,1,2056,1-com,Hi-I,TX,3 January 2026
0xa93ef0cdbce84c5155cf72655caa4e46edac3c44,1,2057,1-com,Hi-I,TX,3 January 2026
0x3e5a80d736bb6123ff6bb974ff53c9e31952c08f,1,2058,1-com,Hi-I,TX,3 January 2026
0x3e5a80d736bb6123ff6bb974ff53c9e31952c08f,1,2059,1-com,Hi-I,TX,3 January 2026
0xa93ef0cdbce84c5155cf72655caa4e46edac3c44,1,2060,1-com,Hi-I,TX,3 January 2026
0xa93ef0cdbce84c5155cf72655caa4e46edac3c44,1,2061,1-com,Hi-I,TX,3 January 2026
0xe16c5e2dc4d0d46715ae1c72449f5035a8be0902,1,2062,1-com,Hi-I,TX,3 January 2026
0xe16c5e2dc4d0d46715ae1c72449f5035a8be0902,1,2063,1-com,Hi-I,TX,3 January 2026
0xbe49792b4b712ee38ff1d20620534b97768eba5a,1,2065,1-com,Hi-I,TX,3 January 2026
0xbe49792b4b712ee38ff1d20620534b97768eba5a,1,2066,1-com,Hi-I,TX,3 January 2026
0xbe49792b4b712ee38ff1d20620534b97768eba5a,1,2067,1-com,Hi-I,TX,3 January 2026
0xbe49792b4b712ee38ff1d20620534b97768eba5a,1,2068,1-com,Hi-I,TX,3 January 2026
0x2467f6334c1e3abd0495d92eef159f43c4756a8f,1,2069,1-com,Hi-I,TX,3 January 2026
0x2467f6334c1e3abd0495d92eef159f43c4756a8f,1,2070,1-com,Hi-I,TX,3 January 2026
0x2467f6334c1e3abd0495d92eef159f43c4756a8f,1,2071,1-com,Hi-I,TX,3 January 2026
0x2467f6334c1e3abd0495d92eef159f43c4756a8f,1,2072,1-com,Hi-I,TX,3 January 2026
0x2467f6334c1e3abd0495d92eef159f43c4756a8f,1,2073,1-com,Hi-I,TX,3 January 2026
0x2467f6334c1e3abd0495d92eef159f43c4756a8f,1,2074,1-com,Hi-I,TX,3 January 2026
0x0533fb5f73bd514cb38d765d8aba701cb8aab416,1,2075,1-com,Hi-I,TX,3 January 2026
0x0533fb5f73bd514cb38d765d8aba701cb8aab416,1,2076,1-com,Hi-I,TX,3 January 2026
0xe16c5e2dc4d0d46715ae1c72449f5035a8be0902,1,2077,1-com,Hi-I,TX,3 January 2026
0xe16c5e2dc4d0d46715ae1c72449f5035a8be0902,1,2078,1-com,Hi-I,TX,3 January 2026
0x0533fb5f73bd514cb38d765d8aba701cb8aab416,1,2079,1-com,Hi-I,TX,3 January 2026
0x0533fb5f73bd514cb38d765d8aba701cb8aab416,1,2080,1-com,Hi-I,TX,3 January 2026
0xa93ef0cdbce84c5155cf72655caa4e46edac3c44,1,2081,1-com,Hi-I,TX,3 January 2026
0xa93ef0cdbce84c5155cf72655caa4e46edac3c44,1,2082,1-com,Hi-I,TX,3 January 2026
0xa93ef0cdbce84c5155cf72655caa4e46edac3c44,6,2083 2084 2085 2086 2087 2088,6-com,Hi-I,TX,3 January 2026
0x02dc0c92dcc0356a683ffb2003a78b4d6b427ac7,6,2089 2090 2091 2092 2094 2095,6-com,Hi-I,TX,3 January 2026
0x02dc0c92dcc0356a683ffb2003a78b4d6b427ac7,9,2096 2097 2098 2099 2101 2102 2103 2104 2105,9-com,Hi-I,TX,3 January 2026
0x7b9c4526bfa63f29d63c48ff5c18736d4ca89534,9,2106 2107 2108 2109 2110 2111 2112 2113 2114,9-com,Hi-I,TX,3 January 2026
0x0533fb5f73bd514cb38d765d8aba701cb8aab416,1,2115,1-com,Hi-I,TX,3 January 2026
0x0533fb5f73bd514cb38d765d8aba701cb8aab416,1,2116,1-com,Hi-I,TX,3 January 2026
0xbe49792b4b712ee38ff1d20620534b97768eba5a,1,2117,1-com,Hi-I,TX,3 January 2026
0xbe49792b4b712ee38ff1d20620534b97768eba5a,1,2118,1-com,Hi-I,TX,3 January 2026
0xbe49792b4b712ee38ff1d20620534b97768eba5a,1,2119,1-com,Hi-I,TX,3 January 2026
0xbe49792b4b712ee38ff1d20620534b97768eba5a,1,2120,1-com,Hi-I,TX,3 January 2026
0xbe49792b4b712ee38ff1d20620534b97768eba5a,1,2121,1-com,Hi-I,TX,3 January 2026
0xbe49792b4b712ee38ff1d20620534b97768eba5a,1,2122,1-com,Hi-I,TX,3 January 2026
0x7b9c4526bfa63f29d63c48ff5c18736d4ca89534,1,2123,1-com,Hi-I,TX,3 January 2026
0x7b9c4526bfa63f29d63c48ff5c18736d4ca89534,1,2124,1-com,Hi-I,TX,3 January 2026
0x0533fb5f73bd514cb38d765d8aba701cb8aab416,1,2125,1-com,Hi-I,TX,3 January 2026
0x0533fb5f73bd514cb38d765d8aba701cb8aab416,1,2126,1-com,Hi-I,TX,3 January 2026
0x0533fb5f73bd514cb38d765d8aba701cb8aab416,1,2127,1-com,Hi-I,TX,3 January 2026
0x0533fb5f73bd514cb38d765d8aba701cb8aab416,1,2128,1-com,Hi-I,TX,3 January 2026
0xe16c5e2dc4d0d46715ae1c72449f5035a8be0902,1,2129,1-com,Hi-I,TX,3 January 2026
0xe16c5e2dc4d0d46715ae1c72449f5035a8be0902,1,2130,1-com,Hi-I,TX,3 January 2026
0xa93ef0cdbce84c5155cf72655caa4e46edac3c44,1,2131,1-com,Hi-I,TX,3 January 2026
0xa93ef0cdbce84c5155cf72655caa4e46edac3c44,1,2132,1-com,Hi-I,TX,3 January 2026
0x2467f6334c1e3abd0495d92eef159f43c4756a8f,1,2133,1-com,Hi-I,TX,3 January 2026
0x2467f6334c1e3abd0495d92eef159f43c4756a8f,1,2134,1-com,Hi-I,TX,3 January 2026
0xe16c5e2dc4d0d46715ae1c72449f5035a8be0902,1,2135,1-com,Hi-I,TX,3 January 2026
0xe16c5e2dc4d0d46715ae1c72449f5035a8be0902,1,2136,1-com,Hi-I,TX,3 January 2026
0x7b9c4526bfa63f29d63c48ff5c18736d4ca89534,3,2137 2138 2139,3-com,Hi-I,TX,3 January 2026
0x3e5a80d736bb6123ff6bb974ff53c9e31952c08f,3,2140 2141 2142,3-com,Hi-I,TX,3 January 2026
0xa93ef0cdbce84c5155cf72655caa4e46edac3c44,1,2143,1-com,Hi-I,TX,3 January 2026
0xa93ef0cdbce84c5155cf72655caa4e46edac3c44,1,2144,1-com,Hi-I,TX,3 January 2026
0x2467f6334c1e3abd0495d92eef159f43c4756a8f,1,2145,1-com,Hi-I,TX,3 January 2026
0x2467f6334c1e3abd0495d92eef159f43c4756a8f,1,2146,1-com,Hi-I,TX,3 January 2026
0xe16c5e2dc4d0d46715ae1c72449f5035a8be0902,1,2147,1-com,Hi-I,TX,3 January 2026
0xe16c5e2dc4d0d46715ae1c72449f5035a8be0902,1,2148,1-com,Hi-I,TX,3 January 2026
0xe16c5e2dc4d0d46715ae1c72449f5035a8be0902,6,2149 2150 2151 2152 2153 2154,6-com,Hi-I,TX,3 January 2026
0x02dc0c92dcc0356a683ffb2003a78b4d6b427ac7,6,2155 2156 2157 2158 2159 2160,6-com,Hi-I,TX,3 January 2026
0xa93ef0cdbce84c5155cf72655caa4e46edac3c44,9,2161 2162 2163 2164 2165 2166 2167 2168 2169,9-com,Hi-I,TX,3 January 2026
0x7b9c4526bfa63f29d63c48ff5c18736d4ca89534,9,2170 2171 2172 2173 2174 2175 2176 2177 2178,9-com,Hi-I,TX,3 January 2026
0x7b9c4526bfa63f29d63c48ff5c18736d4ca89534,1,2179,1-com,Hi-I,TX,3 January 2026
0x7b9c4526bfa63f29d63c48ff5c18736d4ca89534,1,2180,1-com,Hi-I,TX,3 January 2026
0xe16c5e2dc4d0d46715ae1c72449f5035a8be0902,1,2181,1-com,Hi-I,TX,3 January 2026
0xe16c5e2dc4d0d46715ae1c72449f5035a8be0902,1,2182,1-com,Hi-I,TX,3 January 2026
0xa93ef0cdbce84c5155cf72655caa4e46edac3c44,1,2183,1-com,Hi-I,TX,3 January 2026
0xa93ef0cdbce84c5155cf72655caa4e46edac3c44,1,2184,1-com,Hi-I,TX,3 January 2026
0x0533fb5f73bd514cb38d765d8aba701cb8aab416,1,2185,1-com,Hi-I,TX,3 January 2026
0x0533fb5f73bd514cb38d765d8aba701cb8aab416,1,2186,1-com,Hi-I,TX,3 January 2026
0x2467f6334c1e3abd0495d92eef159f43c4756a8f,1,2187,1-com,Hi-I,TX,3 January 2026
0x2467f6334c1e3abd0495d92eef159f43c4756a8f,1,2188,1-com,Hi-I,TX,3 January 2026
0xa93ef0cdbce84c5155cf72655caa4e46edac3c44,6,2189 2190 2191 2192 2193 2194,6-com,Hi-I,TX,3 January 2026
0x7b9c4526bfa63f29d63c48ff5c18736d4ca89534,6,2195 2196 2197 2198 2199 2200,6-com,Hi-I,TX,3 January 2026
0x3e5a80d736bb6123ff6bb974ff53c9e31952c08f,1,2201,1-com,Hi-I,TX,3 January 2026
0x3e5a80d736bb6123ff6bb974ff53c9e31952c08f,1,2202,1-com,Hi-I,TX,3 January 2026
0xbe49792b4b712ee38ff1d20620534b97768eba5a,12,2203 2204 2205 2206 2207 2208 2209 2210 2211 2212 2213 2214,12-com,Hi-I,TX,3 January 2026
0x02dc0c92dcc0356a683ffb2003a78b4d6b427ac7,12,2215 2216 2217 2218 2219 2220 2221 2222 2223 2224 2226 2227,12-com,Hi-I,TX,3 January 2026
0xe16c5e2dc4d0d46715ae1c72449f5035a8be0902,1,2228,1-com,Hi-I,TX,3 January 2026
0xe16c5e2dc4d0d46715ae1c72449f5035a8be0902,1,2229,1-com,Hi-I,TX,3 January 2026
0xa93ef0cdbce84c5155cf72655caa4e46edac3c44,1,2230,1-com,Hi-I,TX,3 January 2026
0xa93ef0cdbce84c5155cf72655caa4e46edac3c44,1,2231,1-com,Hi-I,TX,3 January 2026
0x02dc0c92dcc0356a683ffb2003a78b4d6b427ac7,1,2232,1-com,Hi-I,TX,3 January 2026
0x02dc0c92dcc0356a683ffb2003a78b4d6b427ac7,1,2233,1-com,Hi-I,TX,3 January 2026
0x626b5752e06242932da120bfcabc70f20f6f1f8a,1,2234,1-com,Hi-I,TX,3 January 2026
0x626b5752e06242932da120bfcabc70f20f6f1f8a,1,2235,1-com,Hi-I,TX,3 January 2026
0xbe49792b4b712ee38ff1d20620534b97768eba5a,9,2236 2237 2238 2239 2240 2241 2242 2244 2245,9-com,Hi-I,TX,3 January 2026
0x02dc0c92dcc0356a683ffb2003a78b4d6b427ac7,9,2246 2247 2248 2249 2250 2251 2252 2253 2254,9-com,Hi-I,TX,3 January 2026
0xe16c5e2dc4d0d46715ae1c72449f5035a8be0902,1,2255,1-com,Hi-I,TX,3 January 2026
0xe16c5e2dc4d0d46715ae1c72449f5035a8be0902,1,2256,1-com,Hi-I,TX,3 January 2026
0x0533fb5f73bd514cb38d765d8aba701cb8aab416,1,2257,1-com,Hi-I,TX,3 January 2026
0x0533fb5f73bd514cb38d765d8aba701cb8aab416,1,2258,1-com,Hi-I,TX,3 January 2026
0x626b5752e06242932da120bfcabc70f20f6f1f8a,1,2259,1-com,Hi-I,TX,3 January 2026
0x626b5752e06242932da120bfcabc70f20f6f1f8a,1,2260,1-com,Hi-I,TX,3 January 2026
0xa93ef0cdbce84c5155cf72655caa4e46edac3c44,9,2261 2262 2263 2264 2265 2266 2267 2268 2269,9-com,Hi-I,TX,3 January 2026
0x02dc0c92dcc0356a683ffb2003a78b4d6b427ac7,9,2270 2271 2272 2273 2274 2275 2276 2277 2278,9-com,Hi-I,TX,3 January 2026
0x7b9c4526bfa63f29d63c48ff5c18736d4ca89534,1,2279,1-com,Hi-I,TX,3 January 2026
0x7b9c4526bfa63f29d63c48ff5c18736d4ca89534,1,2280,1-com,Hi-I,TX,3 January 2026
0xe16c5e2dc4d0d46715ae1c72449f5035a8be0902,1,2281,1-com,Hi-I,TX,3 January 2026
0xe16c5e2dc4d0d46715ae1c72449f5035a8be0902,1,2282,1-com,Hi-I,TX,3 January 2026
0x0533fb5f73bd514cb38d765d8aba701cb8aab416,1,2283,1-com,Hi-I,TX,3 January 2026
0x0533fb5f73bd514cb38d765d8aba701cb8aab416,1,2284,1-com,Hi-I,TX,3 January 2026
0xe16c5e2dc4d0d46715ae1c72449f5035a8be0902,6,2285 2286 2287 2288 2302 2303,6-com,Hi-I,TX,3 January 2026
0x02dc0c92dcc0356a683ffb2003a78b4d6b427ac7,6,2304 2305 2306 2307 2308 2309,6-com,Hi-I,TX,3 January 2026
0xe16c5e2dc4d0d46715ae1c72449f5035a8be0902,6,2310 2311 2312 2313 2314 2315,6-com,Hi-I,TX,3 January 2026
0x626b5752e06242932da120bfcabc70f20f6f1f8a,6,2316 2317 2318 2319 2320 2321,6-com,Hi-I,TX,3 January 2026
0x3e5a80d736bb6123ff6bb974ff53c9e31952c08f,1,2322,1-com,Hi-I,TX,3 January 2026
0x3e5a80d736bb6123ff6bb974ff53c9e31952c08f,1,2323,1-com,Hi-I,TX,3 January 2026
0x0533fb5f73bd514cb38d765d8aba701cb8aab416,1,2325,1-com,Hi-I,TX,3 January 2026
0x0533fb5f73bd514cb38d765d8aba701cb8aab416,1,2326,1-com,Hi-I,TX,3 January 2026
0xa93ef0cdbce84c5155cf72655caa4e46edac3c44,9,2327 2328 2329 2330 2331 2332 2333 2334 2336,9-com,Hi-I,TX,3 January 2026
0x0533fb5f73bd514cb38d765d8aba701cb8aab416,9,2337 2338 2339 2340 2341 2342 2343 2344 2345,9-com,Hi-I,TX,3 January 2026
0xbe49792b4b712ee38ff1d20620534b97768eba5a,1,2346,1-com,Hi-I,TX,3 January 2026
0xbe49792b4b712ee38ff1d20620534b97768eba5a,1,2347,1-com,Hi-I,TX,3 January 2026
0x3e5a80d736bb6123ff6bb974ff53c9e31952c08f,1,2348,1-com,Hi-I,TX,3 January 2026
0x3e5a80d736bb6123ff6bb974ff53c9e31952c08f,1,2349,1-com,Hi-I,TX,3 January 2026
0x2467f6334c1e3abd0495d92eef159f43c4756a8f,1,2350,1-com,Hi-I,TX,3 January 2026
0x2467f6334c1e3abd0495d92eef159f43c4756a8f,1,2351,1-com,Hi-I,TX,3 January 2026
0xbe49792b4b712ee38ff1d20620534b97768eba5a,1,2352,1-com,Hi-I,TX,3 January 2026
0xbe49792b4b712ee38ff1d20620534b97768eba5a,1,2353,1-com,Hi-I,TX,3 January 2026
0x61ede70b903303e60f9446e380406ef1f3f7c2fe,3,3648 3649 3650,3-com,Hi-I,Free,2 January 2026
0x55bbf91c930cd4d0dc4325c370cfc4cb5381b6b2,6,3651 3652 3653 3654 3655 3656,6-com,Hi-I,Free,2 January 2026
0xe527bee304c37c5a3c798d85f2a53f55c579c963,3,3657 3658 3659,3-com,Hi-I,Free,2 January 2026
0xd77afada63ee6fa02947a1147bfa56e00c1ca369,3,3660 3662 3663,3-com,Hi-I,Free,2 January 2026
0xccf37ca736658beb39e6c09b9d5ce75344d1f9d6,9,3664 3665 3666 3667 3669 3670 3671 3672 3673,9-com,Hi-I,Free,2 January 2026
0xfc144d51c1ba18a2958ec9a7245d024717421150,3,3674 3675 3676,3-com,Hi-I,Free,2 January 2026
0x8479c868dae591301faded2af43f1b8e54cd1f6b,6,3677 3678 3679 3680 3681 3682,6-com,Hi-I,Free,2 January 2026
0x877dd1874e0c29603c13d88bee8c5f4fba1ea59e,9,3683 3684 3685 3686 3687 3688 3689 3690 3691,9-com,Hi-I,Free,2 January 2026
0x2238c8b16c36628b8f1f36486675c1e2a30debf1,9,3692 3693 3694 3695 3696 3697 3698 3699 4413,9-com,Hi-I,Free,2 January 2026
0x5ac98f4260a266be1565c93e57dedfd2fe4c1881,3,4414 4415 4416,3-com,Hi-I,Free,2 January 2026
0x40aa2cd465a3af82f99e501e5503fa7e8ed509ed,3,4417 4418 4419,3-com,Hi-I,Free,2 January 2026
0xef93556855635cef146a7f76c3951b1aa814fa1b,6,4420 4421 4422 4423 4424 4425,6-com,Hi-I,Free,2 January 2026
0xd77aca0fdac5d6f34c7a8c1e9226572c80e171f1,3,4426 4427 4428,3-com,Hi-I,Free,2 January 2026
0x7206249809dfb38424fa1ae48df4e7bee060bfc3,3,4429 4430 4431,3-com,Hi-I,Free,2 January 2026
0xe1af6ff98a04954ddd0ceb35ce88b85a37efe84d,9,4432 4433 4434 4435 4436 4437 4438 4439 4440,9-com,Hi-I,Free,2 January 2026
0x3d51c45c7797da39d5ece15ab8b8fb4e07a8eb93,9,4441 4442 4443 4444 4445 4446 4447 4448 4449,9-com,Hi-I,Free,2 January 2026
0x66666f58de1bcd762a5e5c5aff9cc3c906d66666,3,4450 4451 4452,3-com,Hi-I,Free,2 January 2026
0x4ed32ce3ae56f03caa81a703a49ba5ed8176955b,9,4453 4454 4455 4456 4457 4458 4459 4460 4461,9-com,Hi-I,Free,2 January 2026
0x5a3264b15bd23009cfab1ace9cb49dbc063d8c64,3,4462 4463 4464,3-com,Hi-I,Free,2 January 2026
0x1ce5bb60b73fe5d514f3d0f5b7704e5e447dde08,3,4465 4466 4467,3-com,Hi-I,Free,2 January 2026
0x32815ae4dc3ed5b36109badea8fd3e6cbed03d91,9,4468 4469 4470 4471 4472 4473 4474 4475 4476,9-com,Hi-I,Free,2 January 2026
0xe2a18ad6fbaa5978820b50878848ee93f6c518fd,6,4477 4478 4479 4480 4481 4482,6-com,Hi-I,Free,2 January 2026
0x2a27fa67ef2618bd1a76824fd2898d987cf35bcb,3,4483 4484 4485,3-com,Hi-I,Free,2 January 2026
0x7105ba303ce8642986df5abd3889634a735ac316,6,4486 4487 4488 4489 4490 4491,6-com,Hi-I,Free,2 January 2026
0xc52930c66d9cf8a3a3cf26922f6cbd15953eaf33,3,4492 4493 4494,3-com,Hi-I,Free,2 January 2026
0x43a441ed74b20171f2789c29538ab5b1b1d3f10b,6,4495 4496 4497 4498 4499 4500,6-com,Hi-I,Free,2 January 2026
0x57f495e7be0a4924d0d57e8ade16bbb2eb7bc398,9,4501 4502 4503 4504 4505 4506 4507 4508 4509,9-com,Hi-I,Free,2 January 2026
0xe3b6a486bb7143246f0ab52f1b64aa9a381c86a7,9,4510 4511 4512 4513 4514 4515 4516 4517 4518,9-com,Hi-I,Free,2 January 2026
0xbbaf6df069adfcab1a13af21d12064e4f5ea41af,6,4519 4520 4521 4522 4523 4524,6-com,Hi-I,Free,2 January 2026
0xc48a8ac51df7b71e500a5580b89e47ab26ca1472,3,4525 4526 4527,3-com,Hi-I,Free,2 January 2026
0x2f2f237d2e655cc0a6f6fef761e5aef13087e71f,6,4528 4529 4530 4531 4532 4533,6-com,Hi-I,Free,2 January 2026
0x760c9625d972b69da4a27c396a49f75dfd88bb03,6,4534 4535 4536 4537 4538 4539,6-com,Hi-I,Free,2 January 2026
0xa6e96dbb6b7d2c12062e70d3dec87c4fe23f961f,3,4540 4541 4542,3-com,Hi-I,Free,2 January 2026
0x3d17e56b8a0ebc2ce4bd7a961438380bb4cb63ad,3,4543 4544 4545,3-com,Hi-I,Free,2 January 2026
0x22d7c787286a8f3d176d78e8c5cf8bf5be420e9b,9,4546 4547 4548 4549 4550 4551 4552 4553 4554,9-com,Hi-I,Free,2 January 2026
0xc42be50c9dd18c5a88f9d305c4c23842c28eea82,3,4555 4556 4557,3-com,Hi-I,Free,2 January 2026
0x380ae38a4411d8da3f50f3be23c45f28b3511f44,9,4558 4559 4560 4561 4562 4563 4564 4565 4566,9-com,Hi-I,Free,2 January 2026
0xfdae8c5c30297e302b3090ddf6010cb05c4b5b65,6,4567 4568 4569 4570 4571 4572,6-com,Hi-I,Free,2 January 2026
0xf16cbd1eb1273e6827d043cf301c1555f431c277,3,4573 4574 4575,3-com,Hi-I,Free,2 January 2026
0xc68cfbd3d94da11844f6be3421d6f9ba9228ff36,6,4576 4577 4578 4579 4580 4581,6-com,Hi-I,Free,2 January 2026
0xd3fd17468df8928e07be2a4da55e5168e92f0c13,6,4582 4583 4584 4585 4586 4587,6-com,Hi-I,Free,2 January 2026
0x97108d53a9b28b6eaea0d4b79a7a4da6912064fa,9,4588 4589 4590 4591 4592 4593 4594 4595 4596,9-com,Hi-I,Free,2 January 2026
0x28eded05c26a17cacfe4d70d0b9ec43790ae4539,3,4597 4598 4599,3-com,Hi-I,Free,2 January 2026
0xac73aca1205aff5dfc5e31223c33a970854057ae,9,4600 4601 4602 4603 4604 4605 4606 4607 4608,9-com,Hi-I,Free,2 January 2026
0xde055950ccaaf115c8d76b33e6503ee403875ccb,3,4609 4610 4611,3-com,Hi-I,Free,2 January 2026
0x41580e05cb8bd9dbae27d9da05da8a1036cabfa0,9,4612 4613 4614 4615 4616 4617 4618 4619 4620,9-com,Hi-I,Free,2 January 2026
0x12164e68711e33ce5d924e73b6f2514bcaefbf7c,9,4621 4622 4623 4624 4625 4626 4627 4628 4629,9-com,Hi-I,Free,2 January 2026
0x16a62cfa1386a7c4245b3f025602f425e83dd7c2,9,4630 4631 4632 4633 4634 4635 4636 4637 4638,9-com,Hi-I,Free,2 January 2026
0x042109812f1c23bfd61aabc3fe0247b378d48b3f,3,4639 4640 4641,3-com,Hi-I,Free,2 January 2026
0x136d715b12c3d866943e46a497005d48089ec442,9,4642 4643 4644 4645 4646 4647 4648 4649 4650,9-com,Hi-I,Free,2 January 2026
0x7891c1a30b7aa9a844d263271ce91cd21553bdf3,3,4651 4652 4653,3-com,Hi-I,Free,2 January 2026
0x25d1d0371c36ed5fc3bef5168494cce7cc6ff6a3,3,4654 4655 4656,3-com,Hi-I,Free,2 January 2026
0xf4c40bf7070fdcf64ecf020bcb583738a6cc3bcd,3,4657 4658 4659,3-com,Hi-I,Free,2 January 2026
0x062230919b5a5bb470f5145fae54fac89162d40f,3,4660 4661 4662,3-com,Hi-I,Free,2 January 2026
0x2563f5fa3bdc65838ae8fd3353b62d66f695ca6d,6,4663 4664 4665 4666 4667 4668,6-com,Hi-I,Free,2 January 2026
0x784c1fd6503ca63989339001eb5c448577b6783b,6,4669 4670 4671 4672 4673 4674,6-com,Hi-I,Free,2 January 2026
0x62174606e4c16c672bcc11a0ffe9e46f01c117a3,6,4675 4676 4677 4678 4679 4680,6-com,Hi-I,Free,2 January 2026
0x8463d6ffcbfb56bf20ab2e1111f9a0e8359533f2,3,4681 4682 4683,3-com,Hi-I,Free,2 January 2026
0x5e828ffff369d0871723ada505ea60b79cc920c3,3,4684 4685 4686,3-com,Hi-I,Free,2 January 2026
0xef0b56692f78a44cf4034b07f80204757c31bcc9,3,4687 4688 4689,3-com,Hi-I,Free,2 January 2026
0xc70daf7356bc5f2ef6008e0faa7e076c47c6e7f3,6,4690 4691 4692 4693 4694 4695,6-com,Hi-I,Free,2 January 2026
0x14b824335f25b2e7d798b69132d81fb5d98f6274,9,4696 4697 4698 4699 4700 4701 4702 4703 4704,9-com,Hi-I,Free,2 January 2026
0xd0ab651368836f98dc35f2a6989a3636c8eb1157,9,4705 4706 4707 4708 4709 4710 4711 4712 4713,9-com,Hi-I,Free,2 January 2026
0xe2e39d413da470ee24a48a9261f0ec1d33b09699,6,4714 4715 4716 4717 4718 4719,6-com,Hi-I,Free,2 January 2026
0xfdeb6c8cdfe22773beb4fb76e82d4c2f422188cc,6,4720 4721 4722 4723 4724 4725,6-com,Hi-I,Free,2 January 2026
0xbf185c104196bebb0f154b45dc4a2b2d4e7f8753,9,4726 4727 4728 4729 4730 4731 4732 4733 4734,9-com,Hi-I,Free,2 January 2026
0x0d6a42558f44279dcfa8f81d22f28794ee423244,6,4735 4736 4737 4738 4739 4740,6-com,Hi-I,Free,2 January 2026
0x2dface1873750ea5f3b2294194aee1c77282d0bb,3,4741 4742 4743,3-com,Hi-I,Free,2 January 2026
0xb9d915ad1110a3f95a4ae9fc77f030bd573e71c5,6,4744 4745 4746 4747 4748 4749,6-com,Hi-I,Free,2 January 2026
0x41cd009836cbc43979baa7590255cbfd9354a6f7,6,4750 4751 4752 4753 4754 4755,6-com,Hi-I,Free,2 January 2026
0x01f087a0e9d8d5a8cd3bba1331bcc0d27a460da4,6,4756 4757 4758 4759 4760 4761,6-com,Hi-I,Free,2 January 2026
0x78a7e8d13c173ce33f3d3a8076016d4b6af519c8,6,4762 4763 4764 4765 4766 4767,6-com,Hi-I,Free,2 January 2026
0x98a51aedb70f71327053abd52db7031c589dece0,6,4768 4769 4770 4771 4772 4773,6-com,Hi-I,Free,2 January 2026
0xcafbf7952763c7237d2848a553e3146cbdd08602,9,4774 4775 4776 4777 4778 4779 4780 4781 4782,9-com,Hi-I,Free,2 January 2026
0x7cb01030359378d2a327af5b1ee740af856e064e,9,4783 4784 4785 4786 4787 4788 4789 4790 4791,9-com,Hi-I,Free,2 January 2026
0x66f0fe77825a96c3b393f31f81ec69fd91dafff8,3,4792 4793 4794,3-com,Hi-I,Free,2 January 2026
0x89c877ac3099e45f67e5571c5bd761a5e18387c5,6,4795 4796 4797 4798 4799 4800,6-com,Hi-I,Free,2 January 2026
0xbd1ffb21b2d346bf9df273a07b6764ff6acf9e19,6,4801 4802 4803 4804 4805 4806,6-com,Hi-I,Free,2 January 2026
0xb80729a4c5418ae03e0203e51801064e0dbecdf4,6,4807 4808 4809 4810 4811 4812,6-com,Hi-I,Free,2 January 2026
0x4ff57f4a622db3dc7017aed300e2bc9e7962f4a1,6,4813 4814 4815 4816 4817 4818,6-com,Hi-I,Free,2 January 2026
0xe9b5e18ac035f3d8dbbf48d2ca15b7417bd9e6fa,3,4819 4820 4821,3-com,Hi-I,Free,2 January 2026
0xd442840cf1afbadc07f24e15003db0967e991998,9,4822 4823 4824 4825 4826 4827 4828 4829 4830,9-com,Hi-I,Free,2 January 2026
0xe35e2e4624987575dfd263b124a3999e180b8b89,3,4831 4832 4833,3-com,Hi-I,Free,2 January 2026
0x4ecaeee63eb0eae0266d7ff0af45e499708fbf7d,9,4834 4835 4836 4837 4838 4839 4840 4841 4842,9-com,Hi-I,Free,2 January 2026
0x65823656ab50ea4e45ae2f816f176c1a257bf947,9,4843 4844 4845 4846 4847 4848 4849 4850 4851,9-com,Hi-I,Free,2 January 2026
0x0884a36c40adfd036eae8b1dae96a1d4f94306bc,3,4852 4853 4854,3-com,Hi-I,Free,2 January 2026
0xe1fe1ca9b664dc29d228145f6098719e6f8778fb,3,4855 4856 4857,3-com,Hi-I,Free,2 January 2026
0x8357c4ea5f58b349a8f980caab4bb3ff3797734b,3,4858 4859 4860,3-com,Hi-I,Free,2 January 2026
0x0806071803456bbf298e2e328789e0fee25671c2,9,4861 4862 4863 4864 4865 4866 4867 4868 4869,9-com,Hi-I,Free,2 January 2026
0x00000f91109c4d0007e90000d9facad5298a0cac,6,4870 4871 4872 4873 4874 4875,6-com,Hi-I,Free,2 January 2026
0x9e77c00189190372ddfe0d9a113055bf96379ad3,3,4876 4877 4878,3-com,Hi-I,Free,2 January 2026
0x602c8442e51fbc283c81e2d840b6ab9a7e7d81d5,6,4879 4880 4881 4882 4883 4884,6-com,Hi-I,Free,2 January 2026
0x019ed608dd806b80193942f2a960e7ac8abb2ee3,3,4885 4886 4887,3-com,Hi-I,Free,2 January 2026
0x9c02551561111e59795f793cc07f0a8a2090efb2,3,4888 4889 4890,3-com,Hi-I,Free,2 January 2026
0x5225d7407dfc72238311508812be9a5a6bb8408d,6,4891 4892 4893 4894 4895 4896,6-com,Hi-I,Free,2 January 2026
0xd74f0edcc655bd55e12ca18926d474b435ea0c70,6,4897 4898 4899 4900 4901 4902,6-com,Hi-I,Free,2 January 2026
0xdbfbaa8e7a6c5e540e2781641a5aba24e50a4663,9,4903 4904 4905 4906 4907 4908 4909 4910 4911,9-com,Hi-I,Free,2 January 2026
0x3b02b9339cc00939d0b40eb42b0d4c1aadd1ecec,3,2865 2866 4912,3-com,Hi-I,Free,2 January 2026
0x4a8599c328ab7f667412f5b5a878515f3099ac10,6,2867 2868 2869 2870 2871 2872,6-com,Hi-I,Free,2 January 2026
0x3adb91a604ce6d922f538dca605f49b77a0f4c81,3,2873 2874 2875,3-com,Hi-I,Free,2 January 2026
0xbe49792b4b712ee38ff1d20620534b97768eba5a,1,2876,1-com,Hi-I,TX,2 January 2026
0xbe49792b4b712ee38ff1d20620534b97768eba5a,1,2877,1-com,Hi-I,TX,2 January 2026
0xa93ef0cdbce84c5155cf72655caa4e46edac3c44,1,2878,1-com,Hi-I,TX,2 January 2026
0xa93ef0cdbce84c5155cf72655caa4e46edac3c44,1,2879,1-com,Hi-I,TX,2 January 2026
0xe16c5e2dc4d0d46715ae1c72449f5035a8be0902,1,2880,1-com,Hi-I,TX,2 January 2026
0xe16c5e2dc4d0d46715ae1c72449f5035a8be0902,1,2881,1-com,Hi-I,TX,2 January 2026
0xbe49792b4b712ee38ff1d20620534b97768eba5a,1,2882,1-com,Hi-I,TX,2 January 2026
0xbe49792b4b712ee38ff1d20620534b97768eba5a,1,2883,1-com,Hi-I,TX,2 January 2026
0xa93ef0cdbce84c5155cf72655caa4e46edac3c44,1,2886,1-com,Hi-I,TX,2 January 2026
0xa93ef0cdbce84c5155cf72655caa4e46edac3c44,1,2887,1-com,Hi-I,TX,2 January 2026
0x0533fb5f73bd514cb38d765d8aba701cb8aab416,1,2888,1-com,Hi-I,TX,2 January 2026
0x0533fb5f73bd514cb38d765d8aba701cb8aab416,1,2889,1-com,Hi-I,TX,2 January 2026
0xa93ef0cdbce84c5155cf72655caa4e46edac3c44,1,2890,1-com,Hi-I,TX,2 January 2026
0xa93ef0cdbce84c5155cf72655caa4e46edac3c44,1,2891,1-com,Hi-I,TX,2 January 2026
0x7b9c4526bfa63f29d63c48ff5c18736d4ca89534,1,2892,1-com,Hi-I,TX,2 January 2026
0x7b9c4526bfa63f29d63c48ff5c18736d4ca89534,1,2893,1-com,Hi-I,TX,2 January 2026
0xbe49792b4b712ee38ff1d20620534b97768eba5a,1,2894,1-com,Hi-I,TX,2 January 2026
0xbe49792b4b712ee38ff1d20620534b97768eba5a,1,2895,1-com,Hi-I,TX,2 January 2026
0x7b9c4526bfa63f29d63c48ff5c18736d4ca89534,1,2896,1-com,Hi-I,TX,2 January 2026
0x7b9c4526bfa63f29d63c48ff5c18736d4ca89534,1,2897,1-com,Hi-I,TX,2 January 2026
0x7b9c4526bfa63f29d63c48ff5c18736d4ca89534,3,2898 2899 2900,3-com,Hi-I,TX,2 January 2026
0x3e5a80d736bb6123ff6bb974ff53c9e31952c08f,3,2901 2902 2903,3-com,Hi-I,TX,2 January 2026
0xbe49792b4b712ee38ff1d20620534b97768eba5a,1,2904,1-com,Hi-I,TX,2 January 2026
0xbe49792b4b712ee38ff1d20620534b97768eba5a,1,2905,1-com,Hi-I,TX,2 January 2026
0xe16c5e2dc4d0d46715ae1c72449f5035a8be0902,1,2906,1-com,Hi-I,TX,2 January 2026
0xe16c5e2dc4d0d46715ae1c72449f5035a8be0902,1,2907,1-com,Hi-I,TX,2 January 2026
0x7b9c4526bfa63f29d63c48ff5c18736d4ca89534,3,2908 2909 2910,3-com,Hi-I,TX,2 January 2026
0x3e5a80d736bb6123ff6bb974ff53c9e31952c08f,3,2911 2912 2913,3-com,Hi-I,TX,2 January 2026
0xbe49792b4b712ee38ff1d20620534b97768eba5a,1,2914,1-com,Hi-I,TX,2 January 2026
0xbe49792b4b712ee38ff1d20620534b97768eba5a,1,2915,1-com,Hi-I,TX,2 January 2026
0x3e5a80d736bb6123ff6bb974ff53c9e31952c08f,1,2916,1-com,Hi-I,TX,2 January 2026
0x3e5a80d736bb6123ff6bb974ff53c9e31952c08f,1,2917,1-com,Hi-I,TX,2 January 2026
0xa93ef0cdbce84c5155cf72655caa4e46edac3c44,1,2918,1-com,Hi-I,TX,2 January 2026
0xa93ef0cdbce84c5155cf72655caa4e46edac3c44,1,2919,1-com,Hi-I,TX,2 January 2026
0x3e5a80d736bb6123ff6bb974ff53c9e31952c08f,1,2920,1-com,Hi-I,TX,2 January 2026
0x3e5a80d736bb6123ff6bb974ff53c9e31952c08f,1,2921,1-com,Hi-I,TX,2 January 2026
0xbe49792b4b712ee38ff1d20620534b97768eba5a,3,2922 2923 2924,3-com,Hi-I,TX,2 January 2026
0x7b9c4526bfa63f29d63c48ff5c18736d4ca89534,3,2925 2926 2927,3-com,Hi-I,TX,2 January 2026
0xa93ef0cdbce84c5155cf72655caa4e46edac3c44,1,3286,1-com,Hi-I,TX,2 January 2026
0xa93ef0cdbce84c5155cf72655caa4e46edac3c44,1,3287,1-com,Hi-I,TX,2 January 2026
0x3e5a80d736bb6123ff6bb974ff53c9e31952c08f,1,3288,1-com,Hi-I,TX,2 January 2026
0x3e5a80d736bb6123ff6bb974ff53c9e31952c08f,1,3289,1-com,Hi-I,TX,2 January 2026
0xbe49792b4b712ee38ff1d20620534b97768eba5a,1,3290,1-com,Hi-I,TX,2 January 2026
0xbe49792b4b712ee38ff1d20620534b97768eba5a,1,3291,1-com,Hi-I,TX,2 January 2026
0x0533fb5f73bd514cb38d765d8aba701cb8aab416,1,3292,1-com,Hi-I,TX,2 January 2026
0x0533fb5f73bd514cb38d765d8aba701cb8aab416,1,3294,1-com,Hi-I,TX,2 January 2026
0x3e5a80d736bb6123ff6bb974ff53c9e31952c08f,1,3295,1-com,Hi-I,TX,2 January 2026
0x3e5a80d736bb6123ff6bb974ff53c9e31952c08f,1,3296,1-com,Hi-I,TX,2 January 2026
0xa93ef0cdbce84c5155cf72655caa4e46edac3c44,1,3297,1-com,Hi-I,TX,2 January 2026
0xa93ef0cdbce84c5155cf72655caa4e46edac3c44,1,3298,1-com,Hi-I,TX,2 January 2026
0xe16c5e2dc4d0d46715ae1c72449f5035a8be0902,1,3299,1-com,Hi-I,TX,2 January 2026
0xe16c5e2dc4d0d46715ae1c72449f5035a8be0902,1,3300,1-com,Hi-I,TX,2 January 2026
0x0533fb5f73bd514cb38d765d8aba701cb8aab416,1,3301,1-com,Hi-I,TX,2 January 2026
0x0533fb5f73bd514cb38d765d8aba701cb8aab416,1,3302,1-com,Hi-I,TX,2 January 2026
0xbe49792b4b712ee38ff1d20620534b97768eba5a,1,3303,1-com,Hi-I,TX,2 January 2026
0xbe49792b4b712ee38ff1d20620534b97768eba5a,1,3304,1-com,Hi-I,TX,2 January 2026
0x626b5752e06242932da120bfcabc70f20f6f1f8a,1,3305,1-com,Hi-I,TX,2 January 2026
0x626b5752e06242932da120bfcabc70f20f6f1f8a,1,3306,1-com,Hi-I,TX,2 January 2026
0xa93ef0cdbce84c5155cf72655caa4e46edac3c44,1,3307,1-com,Hi-I,TX,2 January 2026
0xa93ef0cdbce84c5155cf72655caa4e46edac3c44,1,3308,1-com,Hi-I,TX,2 January 2026
0xbe49792b4b712ee38ff1d20620534b97768eba5a,1,3309,1-com,Hi-I,TX,2 January 2026
0xbe49792b4b712ee38ff1d20620534b97768eba5a,1,3310,1-com,Hi-I,TX,2 January 2026
0x7b9c4526bfa63f29d63c48ff5c18736d4ca89534,3,3311 3313 3314,3-com,Hi-I,TX,2 January 2026
0x3e5a80d736bb6123ff6bb974ff53c9e31952c08f,3,3315 3316 3317,3-com,Hi-I,TX,2 January 2026
0x3e5a80d736bb6123ff6bb974ff53c9e31952c08f,1,3318,1-com,Hi-I,TX,2 January 2026
0x3e5a80d736bb6123ff6bb974ff53c9e31952c08f,1,3319,1-com,Hi-I,TX,2 January 2026
0xa93ef0cdbce84c5155cf72655caa4e46edac3c44,1,3320,1-com,Hi-I,TX,2 January 2026
0xa93ef0cdbce84c5155cf72655caa4e46edac3c44,1,3321,1-com,Hi-I,TX,2 January 2026
0x626b5752e06242932da120bfcabc70f20f6f1f8a,1,3322,1-com,Hi-I,TX,2 January 2026
0x626b5752e06242932da120bfcabc70f20f6f1f8a,1,3323,1-com,Hi-I,TX,2 January 2026
0xe16c5e2dc4d0d46715ae1c72449f5035a8be0902,1,3324,1-com,Hi-I,TX,2 January 2026
0xe16c5e2dc4d0d46715ae1c72449f5035a8be0902,1,3325,1-com,Hi-I,TX,2 January 2026
0x0533fb5f73bd514cb38d765d8aba701cb8aab416,1,3326,1-com,Hi-I,TX,2 January 2026
0x0533fb5f73bd514cb38d765d8aba701cb8aab416,1,3327,1-com,Hi-I,TX,2 January 2026
0x7b9c4526bfa63f29d63c48ff5c18736d4ca89534,1,3328,1-com,Hi-I,TX,2 January 2026
0x7b9c4526bfa63f29d63c48ff5c18736d4ca89534,1,3329,1-com,Hi-I,TX,2 January 2026
0xbe49792b4b712ee38ff1d20620534b97768eba5a,1,3330,1-com,Hi-I,TX,2 January 2026
0xbe49792b4b712ee38ff1d20620534b97768eba5a,1,3331,1-com,Hi-I,TX,2 January 2026
0x626b5752e06242932da120bfcabc70f20f6f1f8a,1,3332,1-com,Hi-I,TX,2 January 2026
0x626b5752e06242932da120bfcabc70f20f6f1f8a,1,3333,1-com,Hi-I,TX,2 January 2026
0x626b5752e06242932da120bfcabc70f20f6f1f8a,18,3334 3335 3336 3337 3338 3340 3341 3342 3343 3344 3345 3346 3347 3348 3349 3350 3351 3352,18-com,Hi-I,TX,2 January 2026
0xbe49792b4b712ee38ff1d20620534b97768eba5a,18,3353 3354 3355 3356 3357 3358 3359 3360 3361 3362 3363 3364 3365 3366 3367 3368 3369 3370,18-com,Hi-I,TX,2 January 2026
0xe16c5e2dc4d0d46715ae1c72449f5035a8be0902,6,3371 3372 3373 3374 3375 3376,6-com,Hi-I,TX,2 January 2026
0x626b5752e06242932da120bfcabc70f20f6f1f8a,6,3377 3378 3379 3380 3381 3382,6-com,Hi-I,TX,2 January 2026
0xa93ef0cdbce84c5155cf72655caa4e46edac3c44,1,3383,1-com,Hi-I,TX,2 January 2026
0xa93ef0cdbce84c5155cf72655caa4e46edac3c44,1,3385,1-com,Hi-I,TX,2 January 2026
0x3e5a80d736bb6123ff6bb974ff53c9e31952c08f,1,3386,1-com,Hi-I,TX,2 January 2026
0x3e5a80d736bb6123ff6bb974ff53c9e31952c08f,1,3387,1-com,Hi-I,TX,2 January 2026
0x7b9c4526bfa63f29d63c48ff5c18736d4ca89534,3,3388 3389 3390,3-com,Hi-I,TX,2 January 2026
0x3e5a80d736bb6123ff6bb974ff53c9e31952c08f,3,3391 3392 3393,3-com,Hi-I,TX,2 January 2026
0x0533fb5f73bd514cb38d765d8aba701cb8aab416,1,3394,1-com,Hi-I,TX,2 January 2026
0x0533fb5f73bd514cb38d765d8aba701cb8aab416,1,3395,1-com,Hi-I,TX,2 January 2026
0xe16c5e2dc4d0d46715ae1c72449f5035a8be0902,1,3396,1-com,Hi-I,TX,2 January 2026
0xe16c5e2dc4d0d46715ae1c72449f5035a8be0902,1,3397,1-com,Hi-I,TX,2 January 2026
0xbe49792b4b712ee38ff1d20620534b97768eba5a,1,3398,1-com,Hi-I,TX,2 January 2026
0xbe49792b4b712ee38ff1d20620534b97768eba5a,1,3399,1-com,Hi-I,TX,2 January 2026
0x7b9c4526bfa63f29d63c48ff5c18736d4ca89534,3,3400 3401 3402,3-com,Hi-I,TX,2 January 2026
0x3e5a80d736bb6123ff6bb974ff53c9e31952c08f,3,3403 3405 3407,3-com,Hi-I,TX,2 January 2026
0x7b9c4526bfa63f29d63c48ff5c18736d4ca89534,3,3408 3410 3411,3-com,Hi-I,TX,2 January 2026
0x3e5a80d736bb6123ff6bb974ff53c9e31952c08f,3,3412 3413 3414,3-com,Hi-I,TX,2 January 2026
0x02dc0c92dcc0356a683ffb2003a78b4d6b427ac7,1,3415,1-com,Hi-I,TX,2 January 2026
0x02dc0c92dcc0356a683ffb2003a78b4d6b427ac7,1,3416,1-com,Hi-I,TX,2 January 2026
0x7b9c4526bfa63f29d63c48ff5c18736d4ca89534,3,3417 3418 3419,3-com,Hi-I,TX,2 January 2026
0x3e5a80d736bb6123ff6bb974ff53c9e31952c08f,3,3420 3421 3422,3-com,Hi-I,TX,2 January 2026
0x7b9c4526bfa63f29d63c48ff5c18736d4ca89534,3,3423 3424 3425,3-com,Hi-I,TX,2 January 2026
0x3e5a80d736bb6123ff6bb974ff53c9e31952c08f,3,3426 3427 3428,3-com,Hi-I,TX,2 January 2026
0xbe49792b4b712ee38ff1d20620534b97768eba5a,9,3429 3430 3431 3432 3433 3434 3435 3436 3437,9-com,Hi-I,TX,2 January 2026
0x02dc0c92dcc0356a683ffb2003a78b4d6b427ac7,9,3438 3439 3440 3441 3442 4213 4214 4215 4216,9-com,Hi-I,TX,2 January 2026
0x0533fb5f73bd514cb38d765d8aba701cb8aab416,1,4217,1-com,Hi-I,TX,2 January 2026
0x0533fb5f73bd514cb38d765d8aba701cb8aab416,1,4218,1-com,Hi-I,TX,2 January 2026
0x7b9c4526bfa63f29d63c48ff5c18736d4ca89534,3,4219 4220 4221,3-com,Hi-I,TX,2 January 2026
0x3e5a80d736bb6123ff6bb974ff53c9e31952c08f,3,4222 4223 4224,3-com,Hi-I,TX,2 January 2026
0x0533fb5f73bd514cb38d765d8aba701cb8aab416,1,4225,1-com,Hi-I,TX,2 January 2026
0x0533fb5f73bd514cb38d765d8aba701cb8aab416,1,4226,1-com,Hi-I,TX,2 January 2026
0x7b9c4526bfa63f29d63c48ff5c18736d4ca89534,3,4227 4228 4229,3-com,Hi-I,TX,2 January 2026
0x3e5a80d736bb6123ff6bb974ff53c9e31952c08f,3,4230 4231 4232,3-com,Hi-I,TX,2 January 2026
0x626b5752e06242932da120bfcabc70f20f6f1f8a,18,4233 4234 4235 4236 4237 4238 4239 4240 4241 4242 4243 4244 4245 4246 4247 4248 4249 4250,18-com,Hi-I,TX,2 January 2026
0xbe49792b4b712ee38ff1d20620534b97768eba5a,18,4251 4252 4253 4254 4255 4256 4257 4258 4259 4260 4261 4262 4263 4264 4265 4266 4267 4268,18-com,Hi-I,TX,2 January 2026
0x0533fb5f73bd514cb38d765d8aba701cb8aab416,1,4269,1-com,Hi-I,TX,2 January 2026
0x0533fb5f73bd514cb38d765d8aba701cb8aab416,1,4270,1-com,Hi-I,TX,2 January 2026
0xbe49792b4b712ee38ff1d20620534b97768eba5a,1,4271,1-com,Hi-I,TX,2 January 2026
0xbe49792b4b712ee38ff1d20620534b97768eba5a,1,4272,1-com,Hi-I,TX,2 January 2026
0xbe49792b4b712ee38ff1d20620534b97768eba5a,1,4273,1-com,Hi-I,TX,2 January 2026
0xbe49792b4b712ee38ff1d20620534b97768eba5a,1,4274,1-com,Hi-I,TX,2 January 2026
0xe16c5e2dc4d0d46715ae1c72449f5035a8be0902,1,4275,1-com,Hi-I,TX,2 January 2026
0xe16c5e2dc4d0d46715ae1c72449f5035a8be0902,1,4276,1-com,Hi-I,TX,2 January 2026
0xe16c5e2dc4d0d46715ae1c72449f5035a8be0902,1,4277,1-com,Hi-I,TX,2 January 2026
0xe16c5e2dc4d0d46715ae1c72449f5035a8be0902,1,4278,1-com,Hi-I,TX,2 January 2026
0x626b5752e06242932da120bfcabc70f20f6f1f8a,1,4279,1-com,Hi-I,TX,2 January 2026
0x626b5752e06242932da120bfcabc70f20f6f1f8a,1,4280,1-com,Hi-I,TX,2 January 2026
0xe16c5e2dc4d0d46715ae1c72449f5035a8be0902,1,4281,1-com,Hi-I,TX,2 January 2026
0xe16c5e2dc4d0d46715ae1c72449f5035a8be0902,1,4282,1-com,Hi-I,TX,2 January 2026
0x626b5752e06242932da120bfcabc70f20f6f1f8a,1,4283,1-com,Hi-I,TX,2 January 2026
0x626b5752e06242932da120bfcabc70f20f6f1f8a,1,4284,1-com,Hi-I,TX,2 January 2026
0xbe49792b4b712ee38ff1d20620534b97768eba5a,1,4285,1-com,Hi-I,TX,2 January 2026
0xbe49792b4b712ee38ff1d20620534b97768eba5a,1,4286,1-com,Hi-I,TX,2 January 2026
0x02dc0c92dcc0356a683ffb2003a78b4d6b427ac7,1,4287,1-com,Hi-I,TX,2 January 2026
0x02dc0c92dcc0356a683ffb2003a78b4d6b427ac7,1,4288,1-com,Hi-I,TX,2 January 2026
0x0533fb5f73bd514cb38d765d8aba701cb8aab416,1,4289,1-com,Hi-I,TX,2 January 2026
0x0533fb5f73bd514cb38d765d8aba701cb8aab416,1,4290,1-com,Hi-I,TX,2 January 2026
0xbe49792b4b712ee38ff1d20620534b97768eba5a,1,4291,1-com,Hi-I,TX,2 January 2026
0xbe49792b4b712ee38ff1d20620534b97768eba5a,1,4292,1-com,Hi-I,TX,2 January 2026
0xe16c5e2dc4d0d46715ae1c72449f5035a8be0902,1,4293,1-com,Hi-I,TX,2 January 2026
0xe16c5e2dc4d0d46715ae1c72449f5035a8be0902,1,4294,1-com,Hi-I,TX,2 January 2026
0xbe49792b4b712ee38ff1d20620534b97768eba5a,1,4295,1-com,Hi-I,TX,2 January 2026
0xbe49792b4b712ee38ff1d20620534b97768eba5a,1,4296,1-com,Hi-I,TX,2 January 2026
0x3e5a80d736bb6123ff6bb974ff53c9e31952c08f,1,4297,1-com,Hi-I,TX,2 January 2026
0x3e5a80d736bb6123ff6bb974ff53c9e31952c08f,1,4298,1-com,Hi-I,TX,2 January 2026
0x0533fb5f73bd514cb38d765d8aba701cb8aab416,1,4299,1-com,Hi-I,TX,2 January 2026
0x0533fb5f73bd514cb38d765d8aba701cb8aab416,1,4300,1-com,Hi-I,TX,2 January 2026
0xa93ef0cdbce84c5155cf72655caa4e46edac3c44,1,4301,1-com,Hi-I,TX,2 January 2026
0xa93ef0cdbce84c5155cf72655caa4e46edac3c44,1,4302,1-com,Hi-I,TX,2 January 2026
0xe16c5e2dc4d0d46715ae1c72449f5035a8be0902,1,4303,1-com,Hi-I,TX,2 January 2026
0xe16c5e2dc4d0d46715ae1c72449f5035a8be0902,1,4304,1-com,Hi-I,TX,2 January 2026
0x3e5a80d736bb6123ff6bb974ff53c9e31952c08f,1,4305,1-com,Hi-I,TX,2 January 2026
0x3e5a80d736bb6123ff6bb974ff53c9e31952c08f,1,4306,1-com,Hi-I,TX,2 January 2026
0x0533fb5f73bd514cb38d765d8aba701cb8aab416,1,4307,1-com,Hi-I,TX,2 January 2026
0x0533fb5f73bd514cb38d765d8aba701cb8aab416,1,4308,1-com,Hi-I,TX,2 January 2026
0x7b9c4526bfa63f29d63c48ff5c18736d4ca89534,3,4309 4310 4311,3-com,Hi-I,TX,2 January 2026
0x3e5a80d736bb6123ff6bb974ff53c9e31952c08f,3,4312 4313 4314,3-com,Hi-I,TX,2 January 2026
0xe16c5e2dc4d0d46715ae1c72449f5035a8be0902,1,4315,1-com,Hi-I,TX,2 January 2026
0xe16c5e2dc4d0d46715ae1c72449f5035a8be0902,1,4316,1-com,Hi-I,TX,2 January 2026
0x7b9c4526bfa63f29d63c48ff5c18736d4ca89534,3,4317 4318 4319,3-com,Hi-I,TX,2 January 2026
0x3e5a80d736bb6123ff6bb974ff53c9e31952c08f,3,4320 4321 4322,3-com,Hi-I,TX,2 January 2026
0x7b9c4526bfa63f29d63c48ff5c18736d4ca89534,3,4323 4324 4325,3-com,Hi-I,TX,2 January 2026
0x3e5a80d736bb6123ff6bb974ff53c9e31952c08f,3,4326 4327 4328,3-com,Hi-I,TX,2 January 2026
0x0533fb5f73bd514cb38d765d8aba701cb8aab416,1,4329,1-com,Hi-I,TX,2 January 2026
0x0533fb5f73bd514cb38d765d8aba701cb8aab416,1,4330,1-com,Hi-I,TX,2 January 2026
0xe16c5e2dc4d0d46715ae1c72449f5035a8be0902,1,4331,1-com,Hi-I,TX,2 January 2026
0xe16c5e2dc4d0d46715ae1c72449f5035a8be0902,1,4332,1-com,Hi-I,TX,2 January 2026
0xa93ef0cdbce84c5155cf72655caa4e46edac3c44,1,4333,1-com,Hi-I,TX,2 January 2026
0xa93ef0cdbce84c5155cf72655caa4e46edac3c44,1,4334,1-com,Hi-I,TX,2 January 2026
0xe16c5e2dc4d0d46715ae1c72449f5035a8be0902,1,4335,1-com,Hi-I,TX,2 January 2026
0xe16c5e2dc4d0d46715ae1c72449f5035a8be0902,1,4336,1-com,Hi-I,TX,2 January 2026
0xe16c5e2dc4d0d46715ae1c72449f5035a8be0902,1,4337,1-com,Hi-I,TX,2 January 2026
0xe16c5e2dc4d0d46715ae1c72449f5035a8be0902,1,4338,1-com,Hi-I,TX,2 January 2026
0xe16c5e2dc4d0d46715ae1c72449f5035a8be0902,6,4339 4340 4341 4342 4343 4344,6-com,Hi-I,TX,2 January 2026
0x02dc0c92dcc0356a683ffb2003a78b4d6b427ac7,6,4345 4346 4347 4348 4349 4350,6-com,Hi-I,TX,2 January 2026
0xbe49792b4b712ee38ff1d20620534b97768eba5a,1,4351,1-com,Hi-I,TX,2 January 2026
0xbe49792b4b712ee38ff1d20620534b97768eba5a,1,4352,1-com,Hi-I,TX,2 January 2026
0xbe49792b4b712ee38ff1d20620534b97768eba5a,1,4353,1-com,Hi-I,TX,2 January 2026
0xbe49792b4b712ee38ff1d20620534b97768eba5a,1,4354,1-com,Hi-I,TX,2 January 2026
0x0533fb5f73bd514cb38d765d8aba701cb8aab416,1,4355,1-com,Hi-I,TX,2 January 2026
0x0533fb5f73bd514cb38d765d8aba701cb8aab416,1,4356,1-com,Hi-I,TX,2 January 2026
0xe16c5e2dc4d0d46715ae1c72449f5035a8be0902,3,4357 4358 4359,3-com,Hi-I,TX,2 January 2026
0x7b9c4526bfa63f29d63c48ff5c18736d4ca89534,3,4360 4361 4362,3-com,Hi-I,TX,2 January 2026
0xbe49792b4b712ee38ff1d20620534b97768eba5a,1,4363,1-com,Hi-I,TX,2 January 2026
0xbe49792b4b712ee38ff1d20620534b97768eba5a,1,4364,1-com,Hi-I,TX,2 January 2026
0x7b9c4526bfa63f29d63c48ff5c18736d4ca89534,3,4365 4366 4367,3-com,Hi-I,TX,2 January 2026
0x3e5a80d736bb6123ff6bb974ff53c9e31952c08f,3,4368 4369 4370,3-com,Hi-I,TX,2 January 2026
0x626b5752e06242932da120bfcabc70f20f6f1f8a,1,4371,1-com,Hi-I,TX,2 January 2026
0x626b5752e06242932da120bfcabc70f20f6f1f8a,1,4372,1-com,Hi-I,TX,2 January 2026
0xe16c5e2dc4d0d46715ae1c72449f5035a8be0902,6,4373 4374 4375 4376 4377 4378,6-com,Hi-I,TX,2 January 2026
0x02dc0c92dcc0356a683ffb2003a78b4d6b427ac7,6,4379 4380 4381 4382 4383 4384,6-com,Hi-I,TX,2 January 2026
0xbe49792b4b712ee38ff1d20620534b97768eba5a,1,4385,1-com,Hi-I,TX,2 January 2026
0xbe49792b4b712ee38ff1d20620534b97768eba5a,1,4386,1-com,Hi-I,TX,2 January 2026
0x0533fb5f73bd514cb38d765d8aba701cb8aab416,1,4387,1-com,Hi-I,TX,2 January 2026
0x0533fb5f73bd514cb38d765d8aba701cb8aab416,1,4388,1-com,Hi-I,TX,2 January 2026
0x626b5752e06242932da120bfcabc70f20f6f1f8a,18,4389 4390 4391 4392 4393 4394 4395 4396 4397 4398 4399 4400 4401 4402 4403 4404 4405 4406,18-com,Hi-I,TX,2 January 2026
0xbe49792b4b712ee38ff1d20620534b97768eba5a,18,2289 2290 2291 2292 2294 2295 2296 2297 2298 2299 2300 2301 4407 4408 4409 4410 4411 4412,18-com,Hi-I,TX,2 January 2026
0x0884a36c40adfd036eae8b1dae96a1d4f94306bc,6,649 650 651 652 653 654,6-com,Hi-I,Free,1 January 2026
0xb1fa632dee3f8ca5631e0f41dac5aff032be70a0,9,655 656 657 658 659 660 661 662 663,9-com,Hi-I,Free,1 January 2026
0x3b02b9339cc00939d0b40eb42b0d4c1aadd1ecec,9,664 665 666 667 668 669 670 671 672,9-com,Hi-I,Free,1 January 2026
0x3cc11b17d393cbd4d9b9f8216256e58ea49e92aa,3,673 674 675,3-com,Hi-I,Free,1 January 2026
0xad7eb93ad31b1dca81ebd836ddad4d49821d9f5a,6,676 677 678 679 680 681,6-com,Hi-I,Free,1 January 2026
0x4aa023ca41346cc2869ed4db7588fc58055074e9,3,682 684 685,3-com,Hi-I,Free,1 January 2026
0xef3dc502e67c2c00376e6fb257ec7333c51a8856,9,686 687 688 690 691 692 693 694 695,9-com,Hi-I,Free,1 January 2026
0x5e55f634e3c6090f9ac870451e42177830a50fd1,9,696 697 698 699 700 701 702 703 704,9-com,Hi-I,Free,1 January 2026
0x32815ae4dc3ed5b36109badea8fd3e6cbed03d91,6,705 706 707 708 709 710,6-com,Hi-I,Free,1 January 2026
0x41cd009836cbc43979baa7590255cbfd9354a6f7,9,711 712 713 714 715 716 717 718 719,9-com,Hi-I,Free,1 January 2026
0xdb90c916f3c5bade1d4340f84049b358086d7dc4,6,720 721 722 723 724 725,6-com,Hi-I,Free,1 January 2026
0x8f7248783003c2c23a78f98caa2052490073887d,9,726 727 728 729 730 731 732 733 734,9-com,Hi-I,Free,1 January 2026
0x6ebb63e4f6f369b50fafe0e02cd0ef26280fb940,6,735 736 737 738 739 740,6-com,Hi-I,Free,1 January 2026
0x92d6c06341f66250adf8bce2d58a930a3b847253,9,741 742 743 744 745 746 747 748 749,9-com,Hi-I,Free,1 January 2026
0x877dd1874e0c29603c13d88bee8c5f4fba1ea59e,6,750 751 752 753 754 755,6-com,Hi-I,Free,1 January 2026
0x8bee55f4f5d5d129d5856f7745ad074c9750c56a,3,756 757 758,3-com,Hi-I,Free,1 January 2026
0xa08e491ae819e0847995352fc4ae4127dff9d582,3,759 760 761,3-com,Hi-I,Free,1 January 2026
0x25d1d0371c36ed5fc3bef5168494cce7cc6ff6a3,9,762 763 764 765 766 767 768 769 770,9-com,Hi-I,Free,1 January 2026
0x8357c4ea5f58b349a8f980caab4bb3ff3797734b,6,771 772 773 774 775 776,6-com,Hi-I,Free,1 January 2026
0x057d1e845402b371eb793135f877966b47577e28,3,777 778 779,3-com,Hi-I,Free,1 January 2026
0x41580e05cb8bd9dbae27d9da05da8a1036cabfa0,3,780 781 782,3-com,Hi-I,Free,1 January 2026
0x784c1fd6503ca63989339001eb5c448577b6783b,9,783 784 786 787 788 789 790 791 792,9-com,Hi-I,Free,1 January 2026
0xc2e1dffdd2cad1a50d82fd075182c1d83760ced1,6,793 794 795 796 797 798,6-com,Hi-I,Free,1 January 2026
0x2a27fa67ef2618bd1a76824fd2898d987cf35bcb,6,799 800 801 802 803 804,6-com,Hi-I,Free,1 January 2026
0xb5e9c309e7b6857ba5ff4288d084e5c7cab2bbac,3,805 806 807,3-com,Hi-I,Free,1 January 2026
0x198f0029e8c98cb32f6b63bd719622e3482f1c50,3,808 809 810,3-com,Hi-I,Free,1 January 2026
0x29a4988cb2d7184b2fb0a05c7713345517571359,6,811 812 813 814 815 816,6-com,Hi-I,Free,1 January 2026
0x5a3264b15bd23009cfab1ace9cb49dbc063d8c64,9,817 818 819 820 821 822 823 824 825,9-com,Hi-I,Free,1 January 2026
0x14b824335f25b2e7d798b69132d81fb5d98f6274,9,826 827 828 829 830 831 832 833 834,9-com,Hi-I,Free,1 January 2026
0xe1af6ff98a04954ddd0ceb35ce88b85a37efe84d,9,835 836 837 838 839 840 841 842 843,9-com,Hi-I,Free,1 January 2026
0xe6e39421bc5836cdbb10bc40fc9af09f0beb5957,9,844 845 846 847 848 849 850 852 853,9-com,Hi-I,Free,1 January 2026
0xa8d47c96e338823d51c8825f0a1d6fce7348fe4d,6,854 855 856 857 858 859,6-com,Hi-I,Free,1 January 2026
0x0d6a42558f44279dcfa8f81d22f28794ee423244,3,860 861 862,3-com,Hi-I,Free,1 January 2026
0x3e134bec15c2f269e243200640a6c1e347e4e04e,3,863 864 865,3-com,Hi-I,Free,1 January 2026
0xba133ba5b4247a8298151bc95218ce45f53ffb3c,3,866 867 868,3-com,Hi-I,Free,1 January 2026
0x062230919b5a5bb470f5145fae54fac89162d40f,3,869 870 871,3-com,Hi-I,Free,1 January 2026
0x9a55f72ad9e3bf7a7b8cdfb52d582145e779ef96,9,872 873 874 875 876 877 878 879 880,9-com,Hi-I,Free,1 January 2026
0x479cdc76efbc1d51f7b0a87774bed3ff1b56a42f,3,881 882 883,3-com,Hi-I,Free,1 January 2026
0x65823656ab50ea4e45ae2f816f176c1a257bf947,3,884 885 886,3-com,Hi-I,Free,1 January 2026
0xcb9bbc9da5e28d3939c1045962f48883c573a913,6,887 888 889 890 891 892,6-com,Hi-I,Free,1 January 2026
0xef93556855635cef146a7f76c3951b1aa814fa1b,9,893 894 895 896 897 898 899 900 901,9-com,Hi-I,Free,1 January 2026
0x903c5a6818b7a961bff03792d7dcee1a03ef0d0b,6,902 903 904 905 907 908,6-com,Hi-I,Free,1 January 2026
0xdbaa2a0d7f4e95cb166beb8b94dbbef4818a521c,6,909 910 911 912 913 914,6-com,Hi-I,Free,1 January 2026
0xe6a2d99f1150a8c95c0542360feafca509774bc8,3,915 916 917,3-com,Hi-I,Free,1 January 2026
0xa0676edd171904f489d7e76b554e11e0167397c3,3,918 919 920,3-com,Hi-I,Free,1 January 2026
0x9b54b85aae514b16821c961c504900bca298c09d,9,921 922 923 924 925 926 927 928 929,9-com,Hi-I,Free,1 January 2026
0xaaeceecdd71370e81f49e539f07b733fed9e3e7a,9,930 931 932 933 934 935 936 937 938,9-com,Hi-I,Free,1 January 2026
0xfc007c487315ccb201b4a51b605adec189049658,3,939 940 941,3-com,Hi-I,Free,1 January 2026
0x081850e248bb3eb3e382d4c85d76cc40bd42f115,6,942 943 944 945 946 947,6-com,Hi-I,Free,1 January 2026
0x1177f003f64707224d955cd128bf281b0fdda773,3,948 949 950,3-com,Hi-I,Free,1 January 2026
0xf575a18a9d25dffa1fef7cef1f6a25722088d251,6,951 952 953 954 955 956,6-com,Hi-I,Free,1 January 2026
0x804dfc757c8af8ed9b4c0fbaa166a87361444ce3,6,957 958 959 960 961 962,6-com,Hi-I,Free,1 January 2026
0x43a441ed74b20171f2789c29538ab5b1b1d3f10b,9,963 964 965 966 967 968 969 970 971,9-com,Hi-I,Free,1 January 2026
0x602c8442e51fbc283c81e2d840b6ab9a7e7d81d5,9,972 973 974 975 976 977 978 979 980,9-com,Hi-I,Free,1 January 2026
0xc48a8ac51df7b71e500a5580b89e47ab26ca1472,9,981 982 983 984 985 986 987 988 989,9-com,Hi-I,Free,1 January 2026
0x690a6b44e9033bfd6b05269321435f5657597fb1,3,990 991 992,3-com,Hi-I,Free,1 January 2026
0xd2ebf14632272ccb7369633da9f56dc61d8c4cc3,6,993 994 995 996 997 998,6-com,Hi-I,Free,1 January 2026
0x2a315b89571babecbc69abcb7f332b527ecb6d12,9,999 1599 1600 1601 1602 1603 1604 1605 1606,9-com,Hi-I,Free,1 January 2026
0x2aff6d6f535a719ce2ec4ad6fc6e811314e089b9,9,1607 1608 1609 1610 1611 1612 1613 1614 1615,9-com,Hi-I,Free,1 January 2026
0xeb9674720154522d31c1ad21363d93c9b12fc630,3,1616 1617 1618,3-com,Hi-I,Free,1 January 2026
0xde055950ccaaf115c8d76b33e6503ee403875ccb,9,1619 1620 1621 1622 1623 1624 1625 1626 1627,9-com,Hi-I,Free,1 January 2026
0x781fef6505271f6a9a658ceff81d0712569f7e68,6,1628 1629 1630 1631 1632 1633,6-com,Hi-I,Free,1 January 2026
0xe5442ae87e0fef3f7cc43e507adf786c311a0529,9,1634 1635 1636 1637 1638 1639 1640 1641 1642,9-com,Hi-I,Free,1 January 2026
0xc0d0b52710c00fb3f266a52a552a1049ab064536,6,1643 1644 1645 1646 1647 1648,6-com,Hi-I,Free,1 January 2026
0xdacb8baa4ee9f3b8c5f093b0cc63db2700751ac0,9,1649 1650 1651 1652 1653 1654 1655 1656 1657,9-com,Hi-I,Free,1 January 2026
0xd10bcf360e201d3691215dca25de310225854641,9,1658 1659 1660 1661 1662 1663 1664 1665 1666,9-com,Hi-I,Free,1 January 2026
0x0ec4ff64fff997f71ef0c98756e8953bba4c19e5,9,1667 1668 1669 1670 1671 1672 1673 1674 1675,9-com,Hi-I,Free,1 January 2026
0x1ce5bb60b73fe5d514f3d0f5b7704e5e447dde08,3,1676 1677 1678,3-com,Hi-I,Free,1 January 2026
0x3fe63218b62f0642745e2e932d1204ac9e99b028,3,1679 1680 1681,3-com,Hi-I,Free,1 January 2026
0xc52930c66d9cf8a3a3cf26922f6cbd15953eaf33,3,1682 1683 1684,3-com,Hi-I,Free,1 January 2026
0x0244926d1ea19baf884f9505c9c87c72891ef942,3,1685 1686 1687,3-com,Hi-I,Free,1 January 2026
0xed3dae545eb7855842da72d3a2df1c8bc6cb12b4,6,1688 1689 1690 1691 1692 1693,6-com,Hi-I,Free,1 January 2026
0xac73aca1205aff5dfc5e31223c33a970854057ae,3,1694 1695 1696,3-com,Hi-I,Free,1 January 2026
0x5f81500a7bd0f07c32f791e6d8b623166d71627a,3,1697 1698 1699,3-com,Hi-I,Free,1 January 2026
0x9e83af29ac55bee937fbec87da0030f4fd4bc166,3,1700 1701 1702,3-com,Hi-I,Free,1 January 2026
0xf311e621bd21a756cf2b240de4d0ed98f5ed9076,3,1703 1704 1705,3-com,Hi-I,Free,1 January 2026
0x2ee92c196d63f2313a52c4bb48f427361460636b,3,1706 1707 1708,3-com,Hi-I,Free,1 January 2026
0x32800a8417e90363251c11466d012ffa92f75387,3,1709 1710 1711,3-com,Hi-I,Free,1 January 2026
0x5e828ffff369d0871723ada505ea60b79cc920c3,3,1712 1713 1714,3-com,Hi-I,Free,1 January 2026
0x66f0fe77825a96c3b393f31f81ec69fd91dafff8,6,1715 1716 1717 1718 1719 1720,6-com,Hi-I,Free,1 January 2026
0x672dbeb35a3a668302ec28a966e566ff144c32cc,3,1721 1722 1723,3-com,Hi-I,Free,1 January 2026
0xd77aca0fdac5d6f34c7a8c1e9226572c80e171f1,9,1724 1725 1726 1727 1728 1729 1730 1731 1732,9-com,Hi-I,Free,1 January 2026
0x41793ef75a6d11f1b0dc51aeeb8885a2d81f5aba,3,1733 1734 1735,3-com,Hi-I,Free,1 January 2026
0x1dec7c999f0ceb3258a11f5005c3e7d6cbfb8fb7,9,1736 1737 1738 1739 1740 1741 1742 1743 1744,9-com,Hi-I,Free,1 January 2026
0x34f5c36dfd35ef66c996eca754bc5e38165f31f4,9,1745 1746 1747 1748 1749 1750 1751 1752 1753,9-com,Hi-I,Free,1 January 2026
0xbb63203fa253b667f1d8d591954f5a14ba5613e2,3,1754 1755 1757,3-com,Hi-I,Free,1 January 2026
0x9e77c00189190372ddfe0d9a113055bf96379ad3,3,1758 1759 1760,3-com,Hi-I,Free,1 January 2026
0x0f7da48e062e227657cd12c73664a1af358bdd70,6,1761 1762 1763 1764 1765 1766,6-com,Hi-I,Free,1 January 2026
0xf7839a742bd2a762e0b0fec8d190dce0effb208b,9,1767 1768 1769 1770 1771 1772 1773 1774 1775,9-com,Hi-I,Free,1 January 2026
0x7df56b419d31e3c417c536a9d613b0691f0dd2a3,9,1776 1777 1778 1779 1780 1781 1782 1783 1784,9-com,Hi-I,Free,1 January 2026
0x01f087a0e9d8d5a8cd3bba1331bcc0d27a460da4,6,1785 1786 1787 1788 1789 1790,6-com,Hi-I,Free,1 January 2026
0xfdae8c5c30297e302b3090ddf6010cb05c4b5b65,6,1791 1792 1793 1794 1795 1796,6-com,Hi-I,Free,1 January 2026
0x20d4df177d227cc3d59006673aa892ad922133c7,9,1797 1798 1799 1800 1801 1802 1803 1804 1805,9-com,Hi-I,Free,1 January 2026
0xe2a18ad6fbaa5978820b50878848ee93f6c518fd,3,1806 1807 1808,3-com,Hi-I,Free,1 January 2026
0xd6fec5c3fda3d44e706b290a2356d0bd1cb6a264,3,1809 1810 1811,3-com,Hi-I,Free,1 January 2026
0x2fcc020f72e5d2edd2a24d04f3dc90d7fdfbd1dd,9,1812 1813 1814 1815 1816 1817 1818 1819 1820,9-com,Hi-I,Free,1 January 2026
0x729be2eb86ae64bd7158a9b428f5fe3253f36b0b,3,1821 1822 1823,3-com,Hi-I,Free,1 January 2026
0x4ed32ce3ae56f03caa81a703a49ba5ed8176955b,9,1824 1825 1826 1827 1828 1829 1830 1831 1832,9-com,Hi-I,Free,1 January 2026
0x3d51c45c7797da39d5ece15ab8b8fb4e07a8eb93,9,1833 1834 1835 1836 1837 1838 1839 1840 1841,9-com,Hi-I,Free,1 January 2026
0x2e75348eaa49b70f0ead31f212c1c4718c3936c9,3,1842 1843 1844,3-com,Hi-I,Free,1 January 2026
0x626b5752e06242932da120bfcabc70f20f6f1f8a,1,59,1-com,Hi-I,TX,1 January 2026
0x626b5752e06242932da120bfcabc70f20f6f1f8a,1,60,1-com,Hi-I,TX,1 January 2026
0x626b5752e06242932da120bfcabc70f20f6f1f8a,1,61,1-com,Hi-I,TX,1 January 2026
0x626b5752e06242932da120bfcabc70f20f6f1f8a,1,62,1-com,Hi-I,TX,1 January 2026
0xe16c5e2dc4d0d46715ae1c72449f5035a8be0902,1,63,1-com,Hi-I,TX,1 January 2026
0xe16c5e2dc4d0d46715ae1c72449f5035a8be0902,1,64,1-com,Hi-I,TX,1 January 2026
0xbe49792b4b712ee38ff1d20620534b97768eba5a,1,65,1-com,Hi-I,TX,1 January 2026
0xbe49792b4b712ee38ff1d20620534b97768eba5a,1,66,1-com,Hi-I,TX,1 January 2026
0x7b9c4526bfa63f29d63c48ff5c18736d4ca89534,3,67 68 69,3-com,Hi-I,TX,1 January 2026
0x3e5a80d736bb6123ff6bb974ff53c9e31952c08f,3,70 71 72,3-com,Hi-I,TX,1 January 2026
0x626b5752e06242932da120bfcabc70f20f6f1f8a,1,73,1-com,Hi-I,TX,1 January 2026
0x626b5752e06242932da120bfcabc70f20f6f1f8a,1,74,1-com,Hi-I,TX,1 January 2026
0x626b5752e06242932da120bfcabc70f20f6f1f8a,18,75 76 77 78 79 80 81 82 83 84 85 86 87 88 89 90 91 92,18-com,Hi-I,TX,1 January 2026
0xbe49792b4b712ee38ff1d20620534b97768eba5a,18,93 95 96 97 98 99 100 101 102 103 104 105 106 107 108 109 110 111,18-com,Hi-I,TX,1 January 2026
0xbe49792b4b712ee38ff1d20620534b97768eba5a,1,112,1-com,Hi-I,TX,1 January 2026
0xbe49792b4b712ee38ff1d20620534b97768eba5a,1,113,1-com,Hi-I,TX,1 January 2026
0x0533fb5f73bd514cb38d765d8aba701cb8aab416,1,114,1-com,Hi-I,TX,1 January 2026
0x0533fb5f73bd514cb38d765d8aba701cb8aab416,1,115,1-com,Hi-I,TX,1 January 2026
0x0533fb5f73bd514cb38d765d8aba701cb8aab416,1,116,1-com,Hi-I,TX,1 January 2026
0x0533fb5f73bd514cb38d765d8aba701cb8aab416,1,117,1-com,Hi-I,TX,1 January 2026
0x0533fb5f73bd514cb38d765d8aba701cb8aab416,1,118,1-com,Hi-I,TX,1 January 2026
0x0533fb5f73bd514cb38d765d8aba701cb8aab416,1,119,1-com,Hi-I,TX,1 January 2026
0xe16c5e2dc4d0d46715ae1c72449f5035a8be0902,1,120,1-com,Hi-I,TX,1 January 2026
0xe16c5e2dc4d0d46715ae1c72449f5035a8be0902,1,121,1-com,Hi-I,TX,1 January 2026
0xbe49792b4b712ee38ff1d20620534b97768eba5a,1,122,1-com,Hi-I,TX,1 January 2026
0xbe49792b4b712ee38ff1d20620534b97768eba5a,1,123,1-com,Hi-I,TX,1 January 2026
0x7b9c4526bfa63f29d63c48ff5c18736d4ca89534,3,124 125 126,3-com,Hi-I,TX,1 January 2026
0x3e5a80d736bb6123ff6bb974ff53c9e31952c08f,3,127 128 129,3-com,Hi-I,TX,1 January 2026
0xbe49792b4b712ee38ff1d20620534b97768eba5a,1,130,1-com,Hi-I,TX,1 January 2026
0xbe49792b4b712ee38ff1d20620534b97768eba5a,1,131,1-com,Hi-I,TX,1 January 2026
0x626b5752e06242932da120bfcabc70f20f6f1f8a,1,132,1-com,Hi-I,TX,1 January 2026
0x626b5752e06242932da120bfcabc70f20f6f1f8a,1,133,1-com,Hi-I,TX,1 January 2026
0xbe49792b4b712ee38ff1d20620534b97768eba5a,1,134,1-com,Hi-I,TX,1 January 2026
0xbe49792b4b712ee38ff1d20620534b97768eba5a,1,135,1-com,Hi-I,TX,1 January 2026
0x7b9c4526bfa63f29d63c48ff5c18736d4ca89534,3,136 137 138,3-com,Hi-I,TX,1 January 2026
0x3e5a80d736bb6123ff6bb974ff53c9e31952c08f,3,139 140 141,3-com,Hi-I,TX,1 January 2026
0x0533fb5f73bd514cb38d765d8aba701cb8aab416,1,142,1-com,Hi-I,TX,1 January 2026
0x0533fb5f73bd514cb38d765d8aba701cb8aab416,1,143,1-com,Hi-I,TX,1 January 2026
0xbe49792b4b712ee38ff1d20620534b97768eba5a,1,144,1-com,Hi-I,TX,1 January 2026
0xbe49792b4b712ee38ff1d20620534b97768eba5a,1,145,1-com,Hi-I,TX,1 January 2026
0x0533fb5f73bd514cb38d765d8aba701cb8aab416,1,146,1-com,Hi-I,TX,1 January 2026
0x0533fb5f73bd514cb38d765d8aba701cb8aab416,1,147,1-com,Hi-I,TX,1 January 2026
0x3e5a80d736bb6123ff6bb974ff53c9e31952c08f,1,148,1-com,Hi-I,TX,1 January 2026
0x3e5a80d736bb6123ff6bb974ff53c9e31952c08f,1,149,1-com,Hi-I,TX,1 January 2026
0x7b9c4526bfa63f29d63c48ff5c18736d4ca89534,3,150 151 152,3-com,Hi-I,TX,1 January 2026
0x3e5a80d736bb6123ff6bb974ff53c9e31952c08f,3,153 154 155,3-com,Hi-I,TX,1 January 2026
0xbe49792b4b712ee38ff1d20620534b97768eba5a,3,156 157 158,3-com,Hi-I,TX,1 January 2026
0x7b9c4526bfa63f29d63c48ff5c18736d4ca89534,3,159 160 161,3-com,Hi-I,TX,1 January 2026
0xe16c5e2dc4d0d46715ae1c72449f5035a8be0902,1,162,1-com,Hi-I,TX,1 January 2026
0xe16c5e2dc4d0d46715ae1c72449f5035a8be0902,1,163,1-com,Hi-I,TX,1 January 2026
0x02dc0c92dcc0356a683ffb2003a78b4d6b427ac7,6,164 165 167 168 169 170,6-com,Hi-I,TX,1 January 2026
0x3e5a80d736bb6123ff6bb974ff53c9e31952c08f,6,171 172 173 174 175 176,6-com,Hi-I,TX,1 January 2026
0xbe49792b4b712ee38ff1d20620534b97768eba5a,1,177,1-com,Hi-I,TX,1 January 2026
0xbe49792b4b712ee38ff1d20620534b97768eba5a,1,178,1-com,Hi-I,TX,1 January 2026
0x626b5752e06242932da120bfcabc70f20f6f1f8a,1,179,1-com,Hi-I,TX,1 January 2026
0x626b5752e06242932da120bfcabc70f20f6f1f8a,1,181,1-com,Hi-I,TX,1 January 2026
0x7b9c4526bfa63f29d63c48ff5c18736d4ca89534,1,183,1-com,Hi-I,TX,1 January 2026
0x7b9c4526bfa63f29d63c48ff5c18736d4ca89534,1,184,1-com,Hi-I,TX,1 January 2026
0x02dc0c92dcc0356a683ffb2003a78b4d6b427ac7,6,185 186 187 188 189 190,6-com,Hi-I,TX,1 January 2026
0x3e5a80d736bb6123ff6bb974ff53c9e31952c08f,6,191 192 193 194 195 196,6-com,Hi-I,TX,1 January 2026
0x0533fb5f73bd514cb38d765d8aba701cb8aab416,1,197,1-com,Hi-I,TX,1 January 2026
0x0533fb5f73bd514cb38d765d8aba701cb8aab416,1,198,1-com,Hi-I,TX,1 January 2026
0xbe49792b4b712ee38ff1d20620534b97768eba5a,1,199,1-com,Hi-I,TX,1 January 2026
0xbe49792b4b712ee38ff1d20620534b97768eba5a,1,200,1-com,Hi-I,TX,1 January 2026
0x7b9c4526bfa63f29d63c48ff5c18736d4ca89534,3,201 202 203,3-com,Hi-I,TX,1 January 2026
0x3e5a80d736bb6123ff6bb974ff53c9e31952c08f,3,204 205 206,3-com,Hi-I,TX,1 January 2026
0x7b9c4526bfa63f29d63c48ff5c18736d4ca89534,3,207 208 210,3-com,Hi-I,TX,1 January 2026
0x3e5a80d736bb6123ff6bb974ff53c9e31952c08f,3,211 212 213,3-com,Hi-I,TX,1 January 2026
0xbe49792b4b712ee38ff1d20620534b97768eba5a,1,214,1-com,Hi-I,TX,1 January 2026
0xbe49792b4b712ee38ff1d20620534b97768eba5a,1,215,1-com,Hi-I,TX,1 January 2026
0xbe49792b4b712ee38ff1d20620534b97768eba5a,9,216 217 218 219 220 221 222 223 224,9-com,Hi-I,TX,1 January 2026
0x02dc0c92dcc0356a683ffb2003a78b4d6b427ac7,9,225 226 227 228 229 230 231 232 233,9-com,Hi-I,TX,1 January 2026
0x0533fb5f73bd514cb38d765d8aba701cb8aab416,1,234,1-com,Hi-I,TX,1 January 2026
0x0533fb5f73bd514cb38d765d8aba701cb8aab416,1,235,1-com,Hi-I,TX,1 January 2026
0xbe49792b4b712ee38ff1d20620534b97768eba5a,1,236,1-com,Hi-I,TX,1 January 2026
0xbe49792b4b712ee38ff1d20620534b97768eba5a,1,237,1-com,Hi-I,TX,1 January 2026
0xbe49792b4b712ee38ff1d20620534b97768eba5a,1,238,1-com,Hi-I,TX,1 January 2026
0xbe49792b4b712ee38ff1d20620534b97768eba5a,1,239,1-com,Hi-I,TX,1 January 2026
0xbe49792b4b712ee38ff1d20620534b97768eba5a,12,240 241 242 243 244 245 246 247 248 249 250 251,12-com,Hi-I,TX,1 January 2026
0x02dc0c92dcc0356a683ffb2003a78b4d6b427ac7,12,252 253 254 255 256 257 258 259 260 261 262 263,12-com,Hi-I,TX,1 January 2026
0x626b5752e06242932da120bfcabc70f20f6f1f8a,1,264,1-com,Hi-I,TX,1 January 2026
0x626b5752e06242932da120bfcabc70f20f6f1f8a,1,265,1-com,Hi-I,TX,1 January 2026
0x7b9c4526bfa63f29d63c48ff5c18736d4ca89534,3,266 267 268,3-com,Hi-I,TX,1 January 2026
0x3e5a80d736bb6123ff6bb974ff53c9e31952c08f,3,269 270 271,3-com,Hi-I,TX,1 January 2026
0x3e5a80d736bb6123ff6bb974ff53c9e31952c08f,1,272,1-com,Hi-I,TX,1 January 2026
0x3e5a80d736bb6123ff6bb974ff53c9e31952c08f,1,273,1-com,Hi-I,TX,1 January 2026
0x0533fb5f73bd514cb38d765d8aba701cb8aab416,1,274,1-com,Hi-I,TX,1 January 2026
0x0533fb5f73bd514cb38d765d8aba701cb8aab416,1,275,1-com,Hi-I,TX,1 January 2026
0xe16c5e2dc4d0d46715ae1c72449f5035a8be0902,1,276,1-com,Hi-I,TX,1 January 2026
0xe16c5e2dc4d0d46715ae1c72449f5035a8be0902,1,277,1-com,Hi-I,TX,1 January 2026
0x02dc0c92dcc0356a683ffb2003a78b4d6b427ac7,9,278 279 280 281 282 283 284 285 286,9-com,Hi-I,TX,1 January 2026
0x7b9c4526bfa63f29d63c48ff5c18736d4ca89534,9,287 288 289 290 291 292 293 294 295,9-com,Hi-I,TX,1 January 2026
0x0533fb5f73bd514cb38d765d8aba701cb8aab416,1,296,1-com,Hi-I,TX,1 January 2026
0x0533fb5f73bd514cb38d765d8aba701cb8aab416,1,297,1-com,Hi-I,TX,1 January 2026
0x7b9c4526bfa63f29d63c48ff5c18736d4ca89534,3,298 299 300,3-com,Hi-I,TX,1 January 2026
0x3e5a80d736bb6123ff6bb974ff53c9e31952c08f,3,301 302 303,3-com,Hi-I,TX,1 January 2026
0x3e5a80d736bb6123ff6bb974ff53c9e31952c08f,1,304,1-com,Hi-I,TX,1 January 2026
0x3e5a80d736bb6123ff6bb974ff53c9e31952c08f,1,305,1-com,Hi-I,TX,1 January 2026
0x0533fb5f73bd514cb38d765d8aba701cb8aab416,1,306,1-com,Hi-I,TX,1 January 2026
0x0533fb5f73bd514cb38d765d8aba701cb8aab416,1,307,1-com,Hi-I,TX,1 January 2026
0x3e5a80d736bb6123ff6bb974ff53c9e31952c08f,1,308,1-com,Hi-I,TX,1 January 2026
0x3e5a80d736bb6123ff6bb974ff53c9e31952c08f,1,309,1-com,Hi-I,TX,1 January 2026
0xe16c5e2dc4d0d46715ae1c72449f5035a8be0902,1,310,1-com,Hi-I,TX,1 January 2026
0xe16c5e2dc4d0d46715ae1c72449f5035a8be0902,1,311,1-com,Hi-I,TX,1 January 2026
0xe16c5e2dc4d0d46715ae1c72449f5035a8be0902,1,312,1-com,Hi-I,TX,1 January 2026
0xe16c5e2dc4d0d46715ae1c72449f5035a8be0902,1,313,1-com,Hi-I,TX,1 January 2026
0x02dc0c92dcc0356a683ffb2003a78b4d6b427ac7,1,314,1-com,Hi-I,TX,1 January 2026
0x02dc0c92dcc0356a683ffb2003a78b4d6b427ac7,1,315,1-com,Hi-I,TX,1 January 2026
0xbe49792b4b712ee38ff1d20620534b97768eba5a,1,316,1-com,Hi-I,TX,1 January 2026
0xbe49792b4b712ee38ff1d20620534b97768eba5a,1,317,1-com,Hi-I,TX,1 January 2026
0x0533fb5f73bd514cb38d765d8aba701cb8aab416,1,318,1-com,Hi-I,TX,1 January 2026
0x0533fb5f73bd514cb38d765d8aba701cb8aab416,1,319,1-com,Hi-I,TX,1 January 2026
0xe16c5e2dc4d0d46715ae1c72449f5035a8be0902,1,320,1-com,Hi-I,TX,1 January 2026
0xe16c5e2dc4d0d46715ae1c72449f5035a8be0902,1,321,1-com,Hi-I,TX,1 January 2026
0x0533fb5f73bd514cb38d765d8aba701cb8aab416,1,322,1-com,Hi-I,TX,1 January 2026
0x0533fb5f73bd514cb38d765d8aba701cb8aab416,1,323,1-com,Hi-I,TX,1 January 2026
0x7b9c4526bfa63f29d63c48ff5c18736d4ca89534,1,324,1-com,Hi-I,TX,1 January 2026
0x7b9c4526bfa63f29d63c48ff5c18736d4ca89534,1,325,1-com,Hi-I,TX,1 January 2026
0x626b5752e06242932da120bfcabc70f20f6f1f8a,18,326 327 328 329 330 331 332 333 334 335 336 337 338 339 340 341 342 343,18-com,Hi-I,TX,1 January 2026
0xbe49792b4b712ee38ff1d20620534b97768eba5a,18,344 345 346 347 348 349 350 351 352 353 354 355 356 357 358 359 360 361,18-com,Hi-I,TX,1 January 2026
0xe16c5e2dc4d0d46715ae1c72449f5035a8be0902,1,362,1-com,Hi-I,TX,1 January 2026
0xe16c5e2dc4d0d46715ae1c72449f5035a8be0902,1,363,1-com,Hi-I,TX,1 January 2026
0x0533fb5f73bd514cb38d765d8aba701cb8aab416,1,364,1-com,Hi-I,TX,1 January 2026
0x0533fb5f73bd514cb38d765d8aba701cb8aab416,1,365,1-com,Hi-I,TX,1 January 2026
0x0533fb5f73bd514cb38d765d8aba701cb8aab416,1,366,1-com,Hi-I,TX,1 January 2026
0x0533fb5f73bd514cb38d765d8aba701cb8aab416,1,367,1-com,Hi-I,TX,1 January 2026
0xbe49792b4b712ee38ff1d20620534b97768eba5a,1,368,1-com,Hi-I,TX,1 January 2026
0xbe49792b4b712ee38ff1d20620534b97768eba5a,1,369,1-com,Hi-I,TX,1 January 2026
0x3e5a80d736bb6123ff6bb974ff53c9e31952c08f,1,370,1-com,Hi-I,TX,1 January 2026
0x3e5a80d736bb6123ff6bb974ff53c9e31952c08f,1,371,1-com,Hi-I,TX,1 January 2026
0x7b9c4526bfa63f29d63c48ff5c18736d4ca89534,1,372,1-com,Hi-I,TX,1 January 2026
0x7b9c4526bfa63f29d63c48ff5c18736d4ca89534,1,373,1-com,Hi-I,TX,1 January 2026
0x626b5752e06242932da120bfcabc70f20f6f1f8a,18,374 375 376 377 378 379 380 382 383 384 385 386 387 388 389 390 391 392,18-com,Hi-I,TX,1 January 2026
0xbe49792b4b712ee38ff1d20620534b97768eba5a,18,393 394 395 396 397 398 399 400 401 402 403 404 405 406 407 408 409 410,18-com,Hi-I,TX,1 January 2026
0x0533fb5f73bd514cb38d765d8aba701cb8aab416,1,411,1-com,Hi-I,TX,1 January 2026
0x0533fb5f73bd514cb38d765d8aba701cb8aab416,1,412,1-com,Hi-I,TX,1 January 2026
0xbe49792b4b712ee38ff1d20620534b97768eba5a,1,413,1-com,Hi-I,TX,1 January 2026
0xbe49792b4b712ee38ff1d20620534b97768eba5a,1,414,1-com,Hi-I,TX,1 January 2026
0x7b9c4526bfa63f29d63c48ff5c18736d4ca89534,1,415,1-com,Hi-I,TX,1 January 2026
0x7b9c4526bfa63f29d63c48ff5c18736d4ca89534,1,417,1-com,Hi-I,TX,1 January 2026
0x626b5752e06242932da120bfcabc70f20f6f1f8a,1,418,1-com,Hi-I,TX,1 January 2026
0x626b5752e06242932da120bfcabc70f20f6f1f8a,1,419,1-com,Hi-I,TX,1 January 2026
0xe16c5e2dc4d0d46715ae1c72449f5035a8be0902,1,420,1-com,Hi-I,TX,1 January 2026
0xe16c5e2dc4d0d46715ae1c72449f5035a8be0902,1,421,1-com,Hi-I,TX,1 January 2026
0xbe49792b4b712ee38ff1d20620534b97768eba5a,9,422 423 424 425 426 427 428 429 430,9-com,Hi-I,TX,1 January 2026
0x02dc0c92dcc0356a683ffb2003a78b4d6b427ac7,9,431 432 433 434 435 436 437 438 439,9-com,Hi-I,TX,1 January 2026
0x0533fb5f73bd514cb38d765d8aba701cb8aab416,1,440,1-com,Hi-I,TX,1 January 2026
0x0533fb5f73bd514cb38d765d8aba701cb8aab416,1,441,1-com,Hi-I,TX,1 January 2026
0xe16c5e2dc4d0d46715ae1c72449f5035a8be0902,1,442,1-com,Hi-I,TX,1 January 2026
0xe16c5e2dc4d0d46715ae1c72449f5035a8be0902,1,443,1-com,Hi-I,TX,1 January 2026
0xbe49792b4b712ee38ff1d20620534b97768eba5a,12,444 445 446 447 448 449 450 451 452 453 454 455,12-com,Hi-I,TX,1 January 2026
0x02dc0c92dcc0356a683ffb2003a78b4d6b427ac7,12,456 457 458 459 461 462 463 464 465 466 467 468,12-com,Hi-I,TX,1 January 2026
0x0533fb5f73bd514cb38d765d8aba701cb8aab416,1,469,1-com,Hi-I,TX,1 January 2026
0x0533fb5f73bd514cb38d765d8aba701cb8aab416,1,470,1-com,Hi-I,TX,1 January 2026
0x7b9c4526bfa63f29d63c48ff5c18736d4ca89534,3,471 472 473,3-com,Hi-I,TX,1 January 2026
0x3e5a80d736bb6123ff6bb974ff53c9e31952c08f,3,474 475 476,3-com,Hi-I,TX,1 January 2026
0x0533fb5f73bd514cb38d765d8aba701cb8aab416,1,477,1-com,Hi-I,TX,1 January 2026
0x0533fb5f73bd514cb38d765d8aba701cb8aab416,1,478,1-com,Hi-I,TX,1 January 2026
0xe16c5e2dc4d0d46715ae1c72449f5035a8be0902,1,479,1-com,Hi-I,TX,1 January 2026
0xe16c5e2dc4d0d46715ae1c72449f5035a8be0902,1,480,1-com,Hi-I,TX,1 January 2026
0x0533fb5f73bd514cb38d765d8aba701cb8aab416,1,481,1-com,Hi-I,TX,1 January 2026
0x0533fb5f73bd514cb38d765d8aba701cb8aab416,1,482,1-com,Hi-I,TX,1 January 2026
0x02dc0c92dcc0356a683ffb2003a78b4d6b427ac7,9,484 485 486 487 488 489 490 491 492,9-com,Hi-I,TX,1 January 2026
0x7b9c4526bfa63f29d63c48ff5c18736d4ca89534,9,493 494 495 496 497 498 499 500 501,9-com,Hi-I,TX,1 January 2026
0xe16c5e2dc4d0d46715ae1c72449f5035a8be0902,1,502,1-com,Hi-I,TX,1 January 2026
0xe16c5e2dc4d0d46715ae1c72449f5035a8be0902,1,503,1-com,Hi-I,TX,1 January 2026
0x7b9c4526bfa63f29d63c48ff5c18736d4ca89534,3,504 505 506,3-com,Hi-I,TX,1 January 2026
0x3e5a80d736bb6123ff6bb974ff53c9e31952c08f,3,507 508 509,3-com,Hi-I,TX,1 January 2026
0xbe49792b4b712ee38ff1d20620534b97768eba5a,1,510,1-com,Hi-I,TX,1 January 2026
0xbe49792b4b712ee38ff1d20620534b97768eba5a,1,511,1-com,Hi-I,TX,1 January 2026
0xbe49792b4b712ee38ff1d20620534b97768eba5a,1,512,1-com,Hi-I,TX,1 January 2026
0xbe49792b4b712ee38ff1d20620534b97768eba5a,1,513,1-com,Hi-I,TX,1 January 2026
0xbe49792b4b712ee38ff1d20620534b97768eba5a,1,514,1-com,Hi-I,TX,1 January 2026
0xbe49792b4b712ee38ff1d20620534b97768eba5a,1,515,1-com,Hi-I,TX,1 January 2026
0x3e5a80d736bb6123ff6bb974ff53c9e31952c08f,1,516,1-com,Hi-I,TX,1 January 2026
0x3e5a80d736bb6123ff6bb974ff53c9e31952c08f,1,517,1-com,Hi-I,TX,1 January 2026
0xbe49792b4b712ee38ff1d20620534b97768eba5a,9,518 519 520 521 522 523 524 525 526,9-com,Hi-I,TX,1 January 2026
0x02dc0c92dcc0356a683ffb2003a78b4d6b427ac7,9,527 528 529 530 531 532 533 534 535,9-com,Hi-I,TX,1 January 2026
0x7b9c4526bfa63f29d63c48ff5c18736d4ca89534,3,536 537 538,3-com,Hi-I,TX,1 January 2026
0x3e5a80d736bb6123ff6bb974ff53c9e31952c08f,3,539 540 541,3-com,Hi-I,TX,1 January 2026
0x7b9c4526bfa63f29d63c48ff5c18736d4ca89534,3,542 543 544,3-com,Hi-I,TX,1 January 2026
0x3e5a80d736bb6123ff6bb974ff53c9e31952c08f,3,545 546 547,3-com,Hi-I,TX,1 January 2026
0x7b9c4526bfa63f29d63c48ff5c18736d4ca89534,3,548 549 550,3-com,Hi-I,TX,1 January 2026
0x3e5a80d736bb6123ff6bb974ff53c9e31952c08f,3,551 552 553,3-com,Hi-I,TX,1 January 2026
0x626b5752e06242932da120bfcabc70f20f6f1f8a,18,554 555 556 557 558 559 560 561 562 563 564 565 566 567 568 569 570 571,18-com,Hi-I,TX,1 January 2026
0xbe49792b4b712ee38ff1d20620534b97768eba5a,18,572 573 574 575 576 577 578 579 580 581 582 583 584 585 586 587 588 589,18-com,Hi-I,TX,1 January 2026
0x626b5752e06242932da120bfcabc70f20f6f1f8a,18,590 591 592 593 594 595 596 597 598 599 600 601 602 603 604 605 607 608,18-com,Hi-I,TX,1 January 2026
0xbe49792b4b712ee38ff1d20620534b97768eba5a,18,609 610 611 612 613 614 615 616 617 618 619 620 621 622 623 624 625 626,18-com,Hi-I,TX,1 January 2026
0x7b9c4526bfa63f29d63c48ff5c18736d4ca89534,3,627 628 629,3-com,Hi-I,TX,1 January 2026
0x3e5a80d736bb6123ff6bb974ff53c9e31952c08f,3,631 632 633,3-com,Hi-I,TX,1 January 2026
0xbe49792b4b712ee38ff1d20620534b97768eba5a,1,634,1-com,Hi-I,TX,1 January 2026
0xbe49792b4b712ee38ff1d20620534b97768eba5a,1,635,1-com,Hi-I,TX,1 January 2026
0xbe49792b4b712ee38ff1d20620534b97768eba5a,1,636,1-com,Hi-I,TX,1 January 2026
0xbe49792b4b712ee38ff1d20620534b97768eba5a,1,638,1-com,Hi-I,TX,1 January 2026
0x0533fb5f73bd514cb38d765d8aba701cb8aab416,1,639,1-com,Hi-I,TX,1 January 2026
0x0533fb5f73bd514cb38d765d8aba701cb8aab416,1,640,1-com,Hi-I,TX,1 January 2026
0x7b9c4526bfa63f29d63c48ff5c18736d4ca89534,3,641 642 643,3-com,Hi-I,TX,1 January 2026
0x3e5a80d736bb6123ff6bb974ff53c9e31952c08f,3,644 645 646,3-com,Hi-I,TX,1 January 2026
0x0533fb5f73bd514cb38d765d8aba701cb8aab416,1,647,1-com,Hi-I,TX,1 January 2026
0x0533fb5f73bd514cb38d765d8aba701cb8aab416,1,648,1-com,Hi-I,TX,1 January 2026
0xa93ef0cdbce84c5155cf72655caa4e46edac3c44,6,1584 1585 1586 1587 1588 1589,6-com,Hi-I,Free,19 December 2025
,,,,,,
